[{"id":12,"name":"twilio","label":"Twilio","description":"Twilio API","is_active":true,"type":"rws","mutable":true,"deletable":true,"created_date":"2016-08-19 13:50:15","last_modified_date":"2016-08-19 13:50:15","created_by_id":1,"last_modified_by_id":9,"config":{"service_id":12,"base_url":"https://api.twilio.com/2010-04-01/","options":null,"parameters":[],"headers":[{"id":2,"service_id":12,"name":"Authorization","value":"Basic QUNjYWMyODdlNTJmZWQ4MTU5ZGM1YmM3YTE3NTlmZmVlNTpiYTFjZGU4ZTg5ZmExYmMwMjgyODgyMTg1ODQxMGQwMQ==","pass_from_client":false,"action":31}],"cache_enabled":false,"cache_ttl":0},"service_doc_by_service_id":[{"id":6,"service_id":12,"format":0,"content":"{\n\t\"swagger\": \"2.0\",\n\t\"info\": {\n\t\t\"title\": \"Twilio Account API\",\n\t\t\"description\": \"Twilio is a cloud communications Infrastructure as a Service(IaaS) company based in San Francisco, California. Twilio allows software developers to programmatically make and receive phone calls and send and receive text messages using its web service APIs. Twilio's services are accessed over HTTP and are billed based on usage.\",\n\t\t\"termsOfService\": \"https://www.twilio.com/legal/tos\",\n\t\t\"version\": \"2010-04-01\"\n\t},\n\t\"host\": \"api.twilio.com\",\n\t\"basePath\": \"2010-04-01\",\n\t\"schemes\": [\n\t\t\"https\"\n\t],\n\t\"produces\": [\n\t\t\"application/json\"\n\t],\n\t\"consumes\": [\n\t\t\"application/json\"\n\t],\n\t\"paths\": {\n\t\t\"/Accounts/{AccountSid}{mediaTypeExtension}\": {\n\t\t\t\"get\": {\n\t\t\t\t\"summary\": \"Get Acount\",\n\t\t\t\t\"description\": \"Returns a representation of an account.\",\n\t\t\t\t\"operationId\": \"returns-a-representation-of-an-account\",\n\t\t\t\t\"parameters\": [\n\t\t\t\t\t{\n\t\t\t\t\t\t\"in\": \"path\",\n\t\t\t\t\t\t\"name\": \"AccountSid\",\n\t\t\t\t\t\t\"description\": \"A 34 character string that uniquely identifies this account.\",\n\t\t\t\t\t\t\"type\": \"string\"\n\t\t\t\t\t},\n\t\t\t\t\t{\n\t\t\t\t\t\t\"in\": \"path\",\n\t\t\t\t\t\t\"name\": \"mediaTypeExtension\",\n\t\t\t\t\t\t\"description\": \"By default, Twilios REST API returns XML. You may obtain CSV, JSON or HTML by appending .csv, .json, or .html.n\",\n\t\t\t\t\t\t\"type\": \"string\"\n\t\t\t\t\t}\n\t\t\t\t],\n\t\t\t\t\"responses\": {\n\t\t\t\t\t\"200\": {\n\t\t\t\t\t\t\"description\": \"OK\"\n\t\t\t\t\t}\n\t\t\t\t},\n\t\t\t\t\"tags\": [\n\t\t\t\t\t\"account\"\n\t\t\t\t]\n\t\t\t},\n\t\t\t\"post\": {\n\t\t\t\t\"summary\": \"Add Account\",\n\t\t\t\t\"description\": \"Allows you to modify the properties of an account.\",\n\t\t\t\t\"operationId\": \"allows-you-to-modify-the-properties-of-an-account\",\n\t\t\t\t\"parameters\": [\n\t\t\t\t\t{\n\t\t\t\t\t\t\"in\": \"path\",\n\t\t\t\t\t\t\"name\": \"AccountSid\",\n\t\t\t\t\t\t\"description\": \"A 34 character string that uniquely identifies this account.\",\n\t\t\t\t\t\t\"type\": \"string\"\n\t\t\t\t\t},\n\t\t\t\t\t{\n\t\t\t\t\t\t\"in\": \"path\",\n\t\t\t\t\t\t\"name\": \"mediaTypeExtension\",\n\t\t\t\t\t\t\"description\": \"By default, Twilios REST API returns XML. You may obtain CSV, JSON or HTML by appending .csv, .json, or .html.n\",\n\t\t\t\t\t\t\"type\": \"string\"\n\t\t\t\t\t}\n\t\t\t\t],\n\t\t\t\t\"responses\": {\n\t\t\t\t\t\"200\": {\n\t\t\t\t\t\t\"description\": \"OK\"\n\t\t\t\t\t}\n\t\t\t\t},\n\t\t\t\t\"tags\": [\n\t\t\t\t\t\"account\"\n\t\t\t\t]\n\t\t\t},\n\t\t\t\"put\": {\n\t\t\t\t\"summary\": \"Update Account\",\n\t\t\t\t\"description\": \"Allows you to modify the properties of an account.\",\n\t\t\t\t\"operationId\": \"allows-you-to-modify-the-properties-of-an-account\",\n\t\t\t\t\"parameters\": [\n\t\t\t\t\t{\n\t\t\t\t\t\t\"in\": \"path\",\n\t\t\t\t\t\t\"name\": \"AccountSid\",\n\t\t\t\t\t\t\"description\": \"A 34 character string that uniquely identifies this account.\",\n\t\t\t\t\t\t\"type\": \"string\"\n\t\t\t\t\t},\n\t\t\t\t\t{\n\t\t\t\t\t\t\"in\": \"path\",\n\t\t\t\t\t\t\"name\": \"mediaTypeExtension\",\n\t\t\t\t\t\t\"description\": \"By default, Twilios REST API returns XML. You may obtain CSV, JSON or HTML by appending .csv, .json, or .html.n\",\n\t\t\t\t\t\t\"type\": \"string\"\n\t\t\t\t\t}\n\t\t\t\t],\n\t\t\t\t\"responses\": {\n\t\t\t\t\t\"200\": {\n\t\t\t\t\t\t\"description\": \"OK\"\n\t\t\t\t\t}\n\t\t\t\t},\n\t\t\t\t\"tags\": [\n\t\t\t\t\t\"account\"\n\t\t\t\t]\n\t\t\t}\n\t\t},\n\t\t\"/Accounts{mediaTypeExtension}\": {\n\t\t\t\"get\": {\n\t\t\t\t\"summary\": \"Get Acount\",\n\t\t\t\t\"description\": \"Retrieve a list of the Account resources belonging to the account used to make thenAPI request. This list will include that Account as well.n\",\n\t\t\t\t\"operationId\": \"retrieve-a-list-of-the-account-resources-belonging-to-the-account-used-to-make-theapi-request-this-l\",\n\t\t\t\t\"parameters\": [\n\t\t\t\t\t{\n\t\t\t\t\t\t\"in\": \"path\",\n\t\t\t\t\t\t\"name\": \"mediaTypeExtension\",\n\t\t\t\t\t\t\"description\": \"By default, Twilios REST API returns XML. You may obtain CSV, JSON or HTML by appending .csv, .json, or .html.n\",\n\t\t\t\t\t\t\"type\": \"string\"\n\t\t\t\t\t}\n\t\t\t\t],\n\t\t\t\t\"responses\": {\n\t\t\t\t\t\"200\": {\n\t\t\t\t\t\t\"description\": \"OK\"\n\t\t\t\t\t}\n\t\t\t\t},\n\t\t\t\t\"tags\": [\n\t\t\t\t\t\"account\"\n\t\t\t\t]\n\t\t\t},\n\t\t\t\"post\": {\n\t\t\t\t\"summary\": \"Add Account\",\n\t\t\t\t\"description\": \"Create a new Account instance resource as a subaccount of the one used to make the request. SeenCreating Subaccounts for more information.n\",\n\t\t\t\t\"operationId\": \"create-a-new-account-instance-resource-as-a-subaccount-of-the-one-used-to-make-the-request-seecreati\",\n\t\t\t\t\"parameters\": [\n\t\t\t\t\t{\n\t\t\t\t\t\t\"in\": \"path\",\n\t\t\t\t\t\t\"name\": \"mediaTypeExtension\",\n\t\t\t\t\t\t\"description\": \"By default, Twilios REST API returns XML. You may obtain CSV, JSON or HTML by appending .csv, .json, or .html.n\",\n\t\t\t\t\t\t\"type\": \"string\"\n\t\t\t\t\t}\n\t\t\t\t],\n\t\t\t\t\"responses\": {\n\t\t\t\t\t\"200\": {\n\t\t\t\t\t\t\"description\": \"OK\"\n\t\t\t\t\t}\n\t\t\t\t},\n\t\t\t\t\"tags\": [\n\t\t\t\t\t\"account\"\n\t\t\t\t]\n\t\t\t}\n\t\t},\n\t\t\"/{AccountSid}.{format}\": {\n\t\t\t\"get\": {\n\t\t\t\t\"summary\": \"Get Account\",\n\t\t\t\t\"description\": \"GetAccount\",\n\t\t\t\t\"operationId\": \"getaccount\",\n\t\t\t\t\"parameters\": [\n\t\t\t\t\t{\n\t\t\t\t\t\t\"in\": \"path\",\n\t\t\t\t\t\t\"name\": \"AccountSid\",\n\t\t\t\t\t\t\"type\": \"string\"\n\t\t\t\t\t},\n\t\t\t\t\t{\n\t\t\t\t\t\t\"in\": \"path\",\n\t\t\t\t\t\t\"name\": \"format\",\n\t\t\t\t\t\t\"type\": \"string\"\n\t\t\t\t\t}\n\t\t\t\t],\n\t\t\t\t\"responses\": {\n\t\t\t\t\t\"200\": {\n\t\t\t\t\t\t\"description\": \"OK\"\n\t\t\t\t\t}\n\t\t\t\t},\n\t\t\t\t\"tags\": [\n\t\t\t\t\t\"account\"\n\t\t\t\t]\n\t\t\t},\n\t\t\t\"post\": {\n\t\t\t\t\"summary\": \"Add Friendly Name\",\n\t\t\t\t\"description\": \"UpdateFriendlyName (POST)\",\n\t\t\t\t\"operationId\": \"updatefriendlyname-post\",\n\t\t\t\t\"parameters\": [\n\t\t\t\t\t{\n\t\t\t\t\t\t\"in\": \"path\",\n\t\t\t\t\t\t\"name\": \"AccountSid\",\n\t\t\t\t\t\t\"type\": \"string\"\n\t\t\t\t\t},\n\t\t\t\t\t{\n\t\t\t\t\t\t\"in\": \"path\",\n\t\t\t\t\t\t\"name\": \"format\",\n\t\t\t\t\t\t\"type\": \"string\"\n\t\t\t\t\t}\n\t\t\t\t],\n\t\t\t\t\"responses\": {\n\t\t\t\t\t\"200\": {\n\t\t\t\t\t\t\"description\": \"OK\"\n\t\t\t\t\t}\n\t\t\t\t},\n\t\t\t\t\"tags\": [\n\t\t\t\t\t\"account\"\n\t\t\t\t]\n\t\t\t},\n\t\t\t\"put\": {\n\t\t\t\t\"summary\": \"Update Friendly Name\",\n\t\t\t\t\"description\": \"UpdateFriendlyName (PUT)\",\n\t\t\t\t\"operationId\": \"updatefriendlyname-put\",\n\t\t\t\t\"parameters\": [\n\t\t\t\t\t{\n\t\t\t\t\t\t\"in\": \"path\",\n\t\t\t\t\t\t\"name\": \"AccountSid\",\n\t\t\t\t\t\t\"type\": \"string\"\n\t\t\t\t\t},\n\t\t\t\t\t{\n\t\t\t\t\t\t\"in\": \"path\",\n\t\t\t\t\t\t\"name\": \"format\",\n\t\t\t\t\t\t\"type\": \"string\"\n\t\t\t\t\t}\n\t\t\t\t],\n\t\t\t\t\"responses\": {\n\t\t\t\t\t\"200\": {\n\t\t\t\t\t\t\"description\": \"OK\"\n\t\t\t\t\t}\n\t\t\t\t},\n\t\t\t\t\"tags\": [\n\t\t\t\t\t\"account\"\n\t\t\t\t]\n\t\t\t}\n\t\t},\n\t\t\"/Accounts/{AccountSid}/Applications/{ApplicationSid}{mediaTypeExtension}\": {\n\t\t\t\"delete\": {\n\t\t\t\t\"summary\": \"Delete Application\",\n\t\t\t\t\"description\": \"Delete this application.\",\n\t\t\t\t\"operationId\": \"delete-this-application\",\n\t\t\t\t\"parameters\": [\n\t\t\t\t\t{\n\t\t\t\t\t\t\"in\": \"path\",\n\t\t\t\t\t\t\"name\": \"AccountSid\",\n\t\t\t\t\t\t\"type\": \"string\"\n\t\t\t\t\t},\n\t\t\t\t\t{\n\t\t\t\t\t\t\"in\": \"path\",\n\t\t\t\t\t\t\"name\": \"ApplicationSid\",\n\t\t\t\t\t\t\"type\": \"string\"\n\t\t\t\t\t},\n\t\t\t\t\t{\n\t\t\t\t\t\t\"in\": \"path\",\n\t\t\t\t\t\t\"name\": \"mediaTypeExtension\",\n\t\t\t\t\t\t\"description\": \"By default, Twilios REST API returns XML. You may obtain CSV, JSON or HTML by appending .csv, .json, or .html.n\",\n\t\t\t\t\t\t\"type\": \"string\"\n\t\t\t\t\t}\n\t\t\t\t],\n\t\t\t\t\"responses\": {\n\t\t\t\t\t\"200\": {\n\t\t\t\t\t\t\"description\": \"OK\"\n\t\t\t\t\t}\n\t\t\t\t},\n\t\t\t\t\"tags\": [\n\t\t\t\t\t\"applications\"\n\t\t\t\t]\n\t\t\t},\n\t\t\t\"get\": {\n\t\t\t\t\"summary\": \"Get Application\",\n\t\t\t\t\"description\": \"Get application instance resource.\",\n\t\t\t\t\"operationId\": \"get-application-instance-resource\",\n\t\t\t\t\"parameters\": [\n\t\t\t\t\t{\n\t\t\t\t\t\t\"in\": \"path\",\n\t\t\t\t\t\t\"name\": \"AccountSid\",\n\t\t\t\t\t\t\"type\": \"string\"\n\t\t\t\t\t},\n\t\t\t\t\t{\n\t\t\t\t\t\t\"in\": \"path\",\n\t\t\t\t\t\t\"name\": \"ApplicationSid\",\n\t\t\t\t\t\t\"type\": \"string\"\n\t\t\t\t\t},\n\t\t\t\t\t{\n\t\t\t\t\t\t\"in\": \"path\",\n\t\t\t\t\t\t\"name\": \"mediaTypeExtension\",\n\t\t\t\t\t\t\"description\": \"By default, Twilios REST API returns XML. You may obtain CSV, JSON or HTML by appending .csv, .json, or .html.n\",\n\t\t\t\t\t\t\"type\": \"string\"\n\t\t\t\t\t}\n\t\t\t\t],\n\t\t\t\t\"responses\": {\n\t\t\t\t\t\"200\": {\n\t\t\t\t\t\t\"description\": \"OK\"\n\t\t\t\t\t}\n\t\t\t\t},\n\t\t\t\t\"tags\": [\n\t\t\t\t\t\"applications\"\n\t\t\t\t]\n\t\t\t},\n\t\t\t\"post\": {\n\t\t\t\t\"summary\": \"Add Application\",\n\t\t\t\t\"description\": \"Tries to update the applications properties, and returns the updatednresource representation if successful. The returned response is identicalnto that returned above when making a GET request.n\",\n\t\t\t\t\"operationId\": \"tries-to-update-the-applications-properties-and-returns-the-updatedresource-representation-if-succes\",\n\t\t\t\t\"parameters\": [\n\t\t\t\t\t{\n\t\t\t\t\t\t\"in\": \"path\",\n\t\t\t\t\t\t\"name\": \"AccountSid\",\n\t\t\t\t\t\t\"type\": \"string\"\n\t\t\t\t\t},\n\t\t\t\t\t{\n\t\t\t\t\t\t\"in\": \"path\",\n\t\t\t\t\t\t\"name\": \"ApplicationSid\",\n\t\t\t\t\t\t\"type\": \"string\"\n\t\t\t\t\t},\n\t\t\t\t\t{\n\t\t\t\t\t\t\"in\": \"path\",\n\t\t\t\t\t\t\"name\": \"mediaTypeExtension\",\n\t\t\t\t\t\t\"description\": \"By default, Twilios REST API returns XML. You may obtain CSV, JSON or HTML by appending .csv, .json, or .html.n\",\n\t\t\t\t\t\t\"type\": \"string\"\n\t\t\t\t\t}\n\t\t\t\t],\n\t\t\t\t\"responses\": {\n\t\t\t\t\t\"200\": {\n\t\t\t\t\t\t\"description\": \"OK\"\n\t\t\t\t\t}\n\t\t\t\t},\n\t\t\t\t\"tags\": [\n\t\t\t\t\t\"applications\"\n\t\t\t\t]\n\t\t\t}\n\t\t},\n\t\t\"/Accounts/{AccountSid}/Applications{mediaTypeExtension}\": {\n\t\t\t\"get\": {\n\t\t\t\t\"summary\": \"Get Applications\",\n\t\t\t\t\"description\": \"Returns a list of Application resource representations, each representingnan application within your account. The list includes paging information.n\",\n\t\t\t\t\"operationId\": \"returns-a-list-of-application-resource-representations-each-representingan-application-within-your-a\",\n\t\t\t\t\"parameters\": [\n\t\t\t\t\t{\n\t\t\t\t\t\t\"in\": \"path\",\n\t\t\t\t\t\t\"name\": \"AccountSid\",\n\t\t\t\t\t\t\"type\": \"string\"\n\t\t\t\t\t},\n\t\t\t\t\t{\n\t\t\t\t\t\t\"in\": \"path\",\n\t\t\t\t\t\t\"name\": \"mediaTypeExtension\",\n\t\t\t\t\t\t\"description\": \"By default, Twilios REST API returns XML. You may obtain CSV, JSON or HTML by appending .csv, .json, or .html.n\",\n\t\t\t\t\t\t\"type\": \"string\"\n\t\t\t\t\t}\n\t\t\t\t],\n\t\t\t\t\"responses\": {\n\t\t\t\t\t\"200\": {\n\t\t\t\t\t\t\"description\": \"OK\"\n\t\t\t\t\t}\n\t\t\t\t},\n\t\t\t\t\"tags\": [\n\t\t\t\t\t\"applications\"\n\t\t\t\t]\n\t\t\t},\n\t\t\t\"post\": {\n\t\t\t\t\"summary\": \"Add Applications\",\n\t\t\t\t\"description\": \"Creates a new application within your account.\",\n\t\t\t\t\"operationId\": \"creates-a-new-application-within-your-account\",\n\t\t\t\t\"parameters\": [\n\t\t\t\t\t{\n\t\t\t\t\t\t\"in\": \"path\",\n\t\t\t\t\t\t\"name\": \"AccountSid\",\n\t\t\t\t\t\t\"type\": \"string\"\n\t\t\t\t\t},\n\t\t\t\t\t{\n\t\t\t\t\t\t\"in\": \"path\",\n\t\t\t\t\t\t\"name\": \"mediaTypeExtension\",\n\t\t\t\t\t\t\"description\": \"By default, Twilios REST API returns XML. You may obtain CSV, JSON or HTML by appending .csv, .json, or .html.n\",\n\t\t\t\t\t\t\"type\": \"string\"\n\t\t\t\t\t}\n\t\t\t\t],\n\t\t\t\t\"responses\": {\n\t\t\t\t\t\"200\": {\n\t\t\t\t\t\t\"description\": \"OK\"\n\t\t\t\t\t}\n\t\t\t\t},\n\t\t\t\t\"tags\": [\n\t\t\t\t\t\"applications\"\n\t\t\t\t]\n\t\t\t}\n\t\t},\n\t\t\"/Accounts/{AccountSid}/AuthorizedConnectApps/{ConnectAppSid}{mediaTypeExtension}\": {\n\t\t\t\"get\": {\n\t\t\t\t\"summary\": \"Get Authorized Connected App\",\n\t\t\t\t\"description\": \"Get the properties of the authorized application.\",\n\t\t\t\t\"operationId\": \"get-the-properties-of-the-authorized-application\",\n\t\t\t\t\"parameters\": [\n\t\t\t\t\t{\n\t\t\t\t\t\t\"in\": \"path\",\n\t\t\t\t\t\t\"name\": \"AccountSid\",\n\t\t\t\t\t\t\"type\": \"string\"\n\t\t\t\t\t},\n\t\t\t\t\t{\n\t\t\t\t\t\t\"in\": \"path\",\n\t\t\t\t\t\t\"name\": \"ConnectAppSid\",\n\t\t\t\t\t\t\"type\": \"string\"\n\t\t\t\t\t},\n\t\t\t\t\t{\n\t\t\t\t\t\t\"in\": \"path\",\n\t\t\t\t\t\t\"name\": \"mediaTypeExtension\",\n\t\t\t\t\t\t\"description\": \"By default, Twilios REST API returns XML. You may obtain CSV, JSON or HTML by appending .csv, .json, or .html.n\",\n\t\t\t\t\t\t\"type\": \"string\"\n\t\t\t\t\t}\n\t\t\t\t],\n\t\t\t\t\"responses\": {\n\t\t\t\t\t\"200\": {\n\t\t\t\t\t\t\"description\": \"OK\"\n\t\t\t\t\t}\n\t\t\t\t},\n\t\t\t\t\"tags\": [\n\t\t\t\t\t\"applications\"\n\t\t\t\t]\n\t\t\t}\n\t\t},\n\t\t\"/Accounts/{AccountSid}/AuthorizedConnectApps{mediaTypeExtension}\": {\n\t\t\t\"get\": {\n\t\t\t\t\"summary\": \"Get Authorized Connected Apps\",\n\t\t\t\t\"description\": \"Returns a list of Connect App resource representations, each representing anConnect App youve authorized to access your account. The list includesnpaging information.n\",\n\t\t\t\t\"operationId\": \"returns-a-list-of-connect-app-resource-representations-each-representing-aconnect-app-youve-authoriz\",\n\t\t\t\t\"parameters\": [\n\t\t\t\t\t{\n\t\t\t\t\t\t\"in\": \"path\",\n\t\t\t\t\t\t\"name\": \"AccountSid\",\n\t\t\t\t\t\t\"type\": \"string\"\n\t\t\t\t\t},\n\t\t\t\t\t{\n\t\t\t\t\t\t\"in\": \"path\",\n\t\t\t\t\t\t\"name\": \"mediaTypeExtension\",\n\t\t\t\t\t\t\"description\": \"By default, Twilios REST API returns XML. You may obtain CSV, JSON or HTML by appending .csv, .json, or .html.n\",\n\t\t\t\t\t\t\"type\": \"string\"\n\t\t\t\t\t}\n\t\t\t\t],\n\t\t\t\t\"responses\": {\n\t\t\t\t\t\"200\": {\n\t\t\t\t\t\t\"description\": \"OK\"\n\t\t\t\t\t}\n\t\t\t\t},\n\t\t\t\t\"tags\": [\n\t\t\t\t\t\"applications\"\n\t\t\t\t]\n\t\t\t}\n\t\t},\n\t\t\"/Accounts/{AccountSid}/AvailablePhoneNumbers/{IsoCountryCode}/Local{mediaTypeExtension}\": {\n\t\t\t\"get\": {\n\t\t\t\t\"summary\": \"Get Available Local Phone Numbers\",\n\t\t\t\t\"description\": \"Returns a list of local AvailablePhoneNumber resource representationsnthat match the specified filters, each representing a phone number thanis currently available for provisioning within your account.n\",\n\t\t\t\t\"operationId\": \"returns-a-list-of-local-availablephonenumber-resource-representationsthat-match-the-specified-filter\",\n\t\t\t\t\"parameters\": [\n\t\t\t\t\t{\n\t\t\t\t\t\t\"in\": \"path\",\n\t\t\t\t\t\t\"name\": \"AccountSid\",\n\t\t\t\t\t\t\"type\": \"string\"\n\t\t\t\t\t},\n\t\t\t\t\t{\n\t\t\t\t\t\t\"in\": \"path\",\n\t\t\t\t\t\t\"name\": \"IsoCountryCode\",\n\t\t\t\t\t\t\"description\": \"ISO 3166-1 alpha-2.\",\n\t\t\t\t\t\t\"type\": \"string\"\n\t\t\t\t\t},\n\t\t\t\t\t{\n\t\t\t\t\t\t\"in\": \"path\",\n\t\t\t\t\t\t\"name\": \"mediaTypeExtension\",\n\t\t\t\t\t\t\"description\": \"By default, Twilios REST API returns XML. You may obtain CSV, JSON or HTML by appending .csv, .json, or .html.n\",\n\t\t\t\t\t\t\"type\": \"string\"\n\t\t\t\t\t}\n\t\t\t\t],\n\t\t\t\t\"responses\": {\n\t\t\t\t\t\"200\": {\n\t\t\t\t\t\t\"description\": \"OK\"\n\t\t\t\t\t}\n\t\t\t\t},\n\t\t\t\t\"tags\": [\n\t\t\t\t\t\"phone numbers\"\n\t\t\t\t]\n\t\t\t}\n\t\t},\n\t\t\"/Accounts/{AccountSid}/AvailablePhoneNumbers/{IsoCountryCode}/Mobile{mediaTypeExtension}\": {\n\t\t\t\"get\": {\n\t\t\t\t\"summary\": \"Get Available Mobile Phone Numbers\",\n\t\t\t\t\"description\": \"Returns a list of mobile AvailablePhoneNumber resource representations that match the specified filters, each representing a phone number that is currently available for provisioning within your account.\",\n\t\t\t\t\"operationId\": \"returns-a-list-of-mobile-availablephonenumber-resource-representations-that-match-the-specified-filt\",\n\t\t\t\t\"parameters\": [\n\t\t\t\t\t{\n\t\t\t\t\t\t\"in\": \"path\",\n\t\t\t\t\t\t\"name\": \"AccountSid\",\n\t\t\t\t\t\t\"type\": \"string\"\n\t\t\t\t\t},\n\t\t\t\t\t{\n\t\t\t\t\t\t\"in\": \"path\",\n\t\t\t\t\t\t\"name\": \"IsoCountryCode\",\n\t\t\t\t\t\t\"description\": \"ISO 3166-1 alpha-2.\",\n\t\t\t\t\t\t\"type\": \"string\"\n\t\t\t\t\t},\n\t\t\t\t\t{\n\t\t\t\t\t\t\"in\": \"path\",\n\t\t\t\t\t\t\"name\": \"mediaTypeExtension\",\n\t\t\t\t\t\t\"description\": \"By default, Twilios REST API returns XML. You may obtain CSV, JSON or HTML by appending .csv, .json, or .html.n\",\n\t\t\t\t\t\t\"type\": \"string\"\n\t\t\t\t\t}\n\t\t\t\t],\n\t\t\t\t\"responses\": {\n\t\t\t\t\t\"200\": {\n\t\t\t\t\t\t\"description\": \"OK\"\n\t\t\t\t\t}\n\t\t\t\t},\n\t\t\t\t\"tags\": [\n\t\t\t\t\t\"phone numbers\"\n\t\t\t\t]\n\t\t\t}\n\t\t},\n\t\t\"/Accounts/{AccountSid}/AvailablePhoneNumbers/{IsoCountryCode}/TollFree{mediaTypeExtension}\": {\n\t\t\t\"get\": {\n\t\t\t\t\"summary\": \"Get Available Toll Free Phone Numbers\",\n\t\t\t\t\"description\": \"Returns a list of toll-free AvailablePhoneNumber elements that match thenspecified filters, each representing a phone number that is currentlynavailable for provisioning within your account. To provision an availablenphone number, POST the number to the IncomingPhoneNumbers resource.n\",\n\t\t\t\t\"operationId\": \"returns-a-list-of-tollfree-availablephonenumber-elements-that-match-thespecified-filters-each-repres\",\n\t\t\t\t\"parameters\": [\n\t\t\t\t\t{\n\t\t\t\t\t\t\"in\": \"path\",\n\t\t\t\t\t\t\"name\": \"AccountSid\",\n\t\t\t\t\t\t\"type\": \"string\"\n\t\t\t\t\t},\n\t\t\t\t\t{\n\t\t\t\t\t\t\"in\": \"path\",\n\t\t\t\t\t\t\"name\": \"IsoCountryCode\",\n\t\t\t\t\t\t\"description\": \"ISO 3166-1 alpha-2.\",\n\t\t\t\t\t\t\"type\": \"string\"\n\t\t\t\t\t},\n\t\t\t\t\t{\n\t\t\t\t\t\t\"in\": \"path\",\n\t\t\t\t\t\t\"name\": \"mediaTypeExtension\",\n\t\t\t\t\t\t\"description\": \"By default, Twilios REST API returns XML. You may obtain CSV, JSON or HTML by appending .csv, .json, or .html.n\",\n\t\t\t\t\t\t\"type\": \"string\"\n\t\t\t\t\t}\n\t\t\t\t],\n\t\t\t\t\"responses\": {\n\t\t\t\t\t\"200\": {\n\t\t\t\t\t\t\"description\": \"OK\"\n\t\t\t\t\t}\n\t\t\t\t},\n\t\t\t\t\"tags\": [\n\t\t\t\t\t\"phone numbers\"\n\t\t\t\t]\n\t\t\t}\n\t\t},\n\t\t\"/Accounts/{AccountSid}/AvailablePhoneNumbers{mediaTypeExtension}\": {\n\t\t\t\"get\": {\n\t\t\t\t\"summary\": \"Get Available Phone Numbers\",\n\t\t\t\t\"description\": \"Returns a list of all AvailablePhoneNumber subresources for your account by ISO Country. For full information about our phone number support, see our Phone Number CSV (http://www.twilio.com/resources/rates/international-phone-number-rates.csv).\",\n\t\t\t\t\"operationId\": \"returns-a-list-of-all-availablephonenumber-subresources-for-your-account-by-iso-country-for-full-inf\",\n\t\t\t\t\"parameters\": [\n\t\t\t\t\t{\n\t\t\t\t\t\t\"in\": \"path\",\n\t\t\t\t\t\t\"name\": \"AccountSid\",\n\t\t\t\t\t\t\"type\": \"string\"\n\t\t\t\t\t},\n\t\t\t\t\t{\n\t\t\t\t\t\t\"in\": \"path\",\n\t\t\t\t\t\t\"name\": \"mediaTypeExtension\",\n\t\t\t\t\t\t\"description\": \"By default, Twilios REST API returns XML. You may obtain CSV, JSON or HTML by appending .csv, .json, or .html.n\",\n\t\t\t\t\t\t\"type\": \"string\"\n\t\t\t\t\t}\n\t\t\t\t],\n\t\t\t\t\"responses\": {\n\t\t\t\t\t\"200\": {\n\t\t\t\t\t\t\"description\": \"OK\"\n\t\t\t\t\t}\n\t\t\t\t},\n\t\t\t\t\"tags\": [\n\t\t\t\t\t\"phone numbers\"\n\t\t\t\t]\n\t\t\t}\n\t\t},\n\t\t\"/{AccountSid}/AvailablePhoneNumbers/{IsoCountryCode}/Local.{format}\": {\n\t\t\t\"get\": {\n\t\t\t\t\"summary\": \"Get Available Local Phone Numbers By Country\",\n\t\t\t\t\"description\": \"GetAvailableLocalPhoneNumberList\",\n\t\t\t\t\"operationId\": \"getavailablelocalphonenumberlist\",\n\t\t\t\t\"parameters\": [\n\t\t\t\t\t{\n\t\t\t\t\t\t\"in\": \"path\",\n\t\t\t\t\t\t\"name\": \"AccountSid\",\n\t\t\t\t\t\t\"type\": \"string\"\n\t\t\t\t\t},\n\t\t\t\t\t{\n\t\t\t\t\t\t\"in\": \"path\",\n\t\t\t\t\t\t\"name\": \"format\",\n\t\t\t\t\t\t\"type\": \"string\"\n\t\t\t\t\t},\n\t\t\t\t\t{\n\t\t\t\t\t\t\"in\": \"path\",\n\t\t\t\t\t\t\"name\": \"IsoCountryCode\",\n\t\t\t\t\t\t\"type\": \"string\"\n\t\t\t\t\t}\n\t\t\t\t],\n\t\t\t\t\"responses\": {\n\t\t\t\t\t\"200\": {\n\t\t\t\t\t\t\"description\": \"OK\"\n\t\t\t\t\t}\n\t\t\t\t},\n\t\t\t\t\"tags\": [\n\t\t\t\t\t\"phone numbers\"\n\t\t\t\t]\n\t\t\t}\n\t\t},\n\t\t\"/{AccountSid}/AvailablePhoneNumbers/{IsoCountryCode}/TollFree.{format}\": {\n\t\t\t\"get\": {\n\t\t\t\t\"summary\": \"Get Available Toll Free Phone Numbers By Country\",\n\t\t\t\t\"description\": \"GetAvailableTollFreePhoneNumberList\",\n\t\t\t\t\"operationId\": \"getavailabletollfreephonenumberlist\",\n\t\t\t\t\"parameters\": [\n\t\t\t\t\t{\n\t\t\t\t\t\t\"in\": \"path\",\n\t\t\t\t\t\t\"name\": \"AccountSid\",\n\t\t\t\t\t\t\"type\": \"string\"\n\t\t\t\t\t},\n\t\t\t\t\t{\n\t\t\t\t\t\t\"in\": \"path\",\n\t\t\t\t\t\t\"name\": \"format\",\n\t\t\t\t\t\t\"type\": \"string\"\n\t\t\t\t\t},\n\t\t\t\t\t{\n\t\t\t\t\t\t\"in\": \"path\",\n\t\t\t\t\t\t\"name\": \"IsoCountryCode\",\n\t\t\t\t\t\t\"type\": \"string\"\n\t\t\t\t\t}\n\t\t\t\t],\n\t\t\t\t\"responses\": {\n\t\t\t\t\t\"200\": {\n\t\t\t\t\t\t\"description\": \"OK\"\n\t\t\t\t\t}\n\t\t\t\t},\n\t\t\t\t\"tags\": [\n\t\t\t\t\t\"phone numbers\"\n\t\t\t\t]\n\t\t\t}\n\t\t},\n\t\t\"/Accounts/{AccountSid}/Messages/{MessageSid}/Media/{MediaSid}{mediaTypeExtension}\": {\n\t\t\t\"get\": {\n\t\t\t\t\"summary\": \"Get Message Media\",\n\t\t\t\t\"description\": \"Without an extension, the media is returned using the mime-type provided when the media was generated.\",\n\t\t\t\t\"operationId\": \"without-an-extension-the-media-is-returned-using-the-mimetype-provided-when-the-media-was-generated\",\n\t\t\t\t\"parameters\": [\n\t\t\t\t\t{\n\t\t\t\t\t\t\"in\": \"path\",\n\t\t\t\t\t\t\"name\": \"AccountSid\",\n\t\t\t\t\t\t\"type\": \"string\"\n\t\t\t\t\t},\n\t\t\t\t\t{\n\t\t\t\t\t\t\"in\": \"path\",\n\t\t\t\t\t\t\"name\": \"MediaSid\",\n\t\t\t\t\t\t\"type\": \"string\"\n\t\t\t\t\t},\n\t\t\t\t\t{\n\t\t\t\t\t\t\"in\": \"path\",\n\t\t\t\t\t\t\"name\": \"mediaTypeExtension\",\n\t\t\t\t\t\t\"description\": \"By default, Twilios REST API returns XML. You may obtain CSV, JSON or HTML by appending .csv, .json, or .html.n\",\n\t\t\t\t\t\t\"type\": \"string\"\n\t\t\t\t\t},\n\t\t\t\t\t{\n\t\t\t\t\t\t\"in\": \"path\",\n\t\t\t\t\t\t\"name\": \"MessageSid\",\n\t\t\t\t\t\t\"type\": \"string\"\n\t\t\t\t\t}\n\t\t\t\t],\n\t\t\t\t\"responses\": {\n\t\t\t\t\t\"200\": {\n\t\t\t\t\t\t\"description\": \"OK\"\n\t\t\t\t\t}\n\t\t\t\t},\n\t\t\t\t\"tags\": [\n\t\t\t\t\t\"Messaging\",\n\t\t\t\t\t\" SMS\"\n\t\t\t\t]\n\t\t\t}\n\t\t},\n\t\t\"/Accounts/{AccountSid}/Messages/{MessageSid}/Media{mediaTypeExtension}\": {\n\t\t\t\"get\": {\n\t\t\t\t\"summary\": \"Get Message Media\",\n\t\t\t\t\"description\": \"Returns a list of media associated with your message.\",\n\t\t\t\t\"operationId\": \"returns-a-list-of-media-associated-with-your-message\",\n\t\t\t\t\"parameters\": [\n\t\t\t\t\t{\n\t\t\t\t\t\t\"in\": \"path\",\n\t\t\t\t\t\t\"name\": \"AccountSid\",\n\t\t\t\t\t\t\"type\": \"string\"\n\t\t\t\t\t},\n\t\t\t\t\t{\n\t\t\t\t\t\t\"in\": \"path\",\n\t\t\t\t\t\t\"name\": \"mediaTypeExtension\",\n\t\t\t\t\t\t\"description\": \"By default, Twilios REST API returns XML. You may obtain CSV, JSON or HTML by appending .csv, .json, or .html.n\",\n\t\t\t\t\t\t\"type\": \"string\"\n\t\t\t\t\t},\n\t\t\t\t\t{\n\t\t\t\t\t\t\"in\": \"path\",\n\t\t\t\t\t\t\"name\": \"MessageSid\",\n\t\t\t\t\t\t\"type\": \"string\"\n\t\t\t\t\t}\n\t\t\t\t],\n\t\t\t\t\"responses\": {\n\t\t\t\t\t\"200\": {\n\t\t\t\t\t\t\"description\": \"OK\"\n\t\t\t\t\t}\n\t\t\t\t},\n\t\t\t\t\"tags\": [\n\t\t\t\t\t\"Messaging\",\n\t\t\t\t\t\" SMS\"\n\t\t\t\t]\n\t\t\t}\n\t\t},\n\t\t\"/Accounts/{AccountSid}/Messages/{MessageSid}{mediaTypeExtension}\": {\n\t\t\t\"get\": {\n\t\t\t\t\"summary\": \"Get Message Media\",\n\t\t\t\t\"description\": \"Returns a single message specified by the provided {MessageSid}.n\",\n\t\t\t\t\"operationId\": \"returns-a-single-message-specified-by-the-provided-messagesid\",\n\t\t\t\t\"parameters\": [\n\t\t\t\t\t{\n\t\t\t\t\t\t\"in\": \"path\",\n\t\t\t\t\t\t\"name\": \"AccountSid\",\n\t\t\t\t\t\t\"type\": \"string\"\n\t\t\t\t\t},\n\t\t\t\t\t{\n\t\t\t\t\t\t\"in\": \"path\",\n\t\t\t\t\t\t\"name\": \"mediaTypeExtension\",\n\t\t\t\t\t\t\"description\": \"By default, Twilios REST API returns XML. You may obtain CSV, JSON or HTML by appending .csv, .json, or .html.n\",\n\t\t\t\t\t\t\"type\": \"string\"\n\t\t\t\t\t},\n\t\t\t\t\t{\n\t\t\t\t\t\t\"in\": \"path\",\n\t\t\t\t\t\t\"name\": \"MessageSid\",\n\t\t\t\t\t\t\"type\": \"string\"\n\t\t\t\t\t}\n\t\t\t\t],\n\t\t\t\t\"responses\": {\n\t\t\t\t\t\"200\": {\n\t\t\t\t\t\t\"description\": \"OK\"\n\t\t\t\t\t}\n\t\t\t\t},\n\t\t\t\t\"tags\": [\n\t\t\t\t\t\"Messaging\",\n\t\t\t\t\t\" SMS\"\n\t\t\t\t]\n\t\t\t}\n\t\t},\n\t\t\"/Accounts/{AccountSid}/Messages{mediaTypeExtension}\": {\n\t\t\t\"get\": {\n\t\t\t\t\"summary\": \"Get Message Media\",\n\t\t\t\t\"description\": \"Returns a list of messages associated with your account. The list includes paging information.\",\n\t\t\t\t\"operationId\": \"returns-a-list-of-messages-associated-with-your-account-the-list-includes-paging-information\",\n\t\t\t\t\"parameters\": [\n\t\t\t\t\t{\n\t\t\t\t\t\t\"in\": \"path\",\n\t\t\t\t\t\t\"name\": \"AccountSid\",\n\t\t\t\t\t\t\"type\": \"string\"\n\t\t\t\t\t},\n\t\t\t\t\t{\n\t\t\t\t\t\t\"in\": \"path\",\n\t\t\t\t\t\t\"name\": \"mediaTypeExtension\",\n\t\t\t\t\t\t\"description\": \"By default, Twilios REST API returns XML. You may obtain CSV, JSON or HTML by appending .csv, .json, or .html.n\",\n\t\t\t\t\t\t\"type\": \"string\"\n\t\t\t\t\t}\n\t\t\t\t],\n\t\t\t\t\"responses\": {\n\t\t\t\t\t\"200\": {\n\t\t\t\t\t\t\"description\": \"OK\"\n\t\t\t\t\t}\n\t\t\t\t},\n\t\t\t\t\"tags\": [\n\t\t\t\t\t\"Messaging\",\n\t\t\t\t\t\" SMS\"\n\t\t\t\t]\n\t\t\t},\n\t\t\t\"post\": {\n\t\t\t\t\"summary\": \"Add Message Media\",\n\t\t\t\t\"description\": \"To send a new outgoing message, make an HTTP POST to your Messages list resource URI\",\n\t\t\t\t\"operationId\": \"to-send-a-new-outgoing-message-make-an-http-post-to-your-messages-list-resource-uri\",\n\t\t\t\t\"parameters\": [\n\t\t\t\t\t{\n\t\t\t\t\t\t\"in\": \"path\",\n\t\t\t\t\t\t\"name\": \"AccountSid\",\n\t\t\t\t\t\t\"type\": \"string\"\n\t\t\t\t\t},\n\t\t\t\t\t{\n\t\t\t\t\t\t\"in\": \"path\",\n\t\t\t\t\t\t\"name\": \"mediaTypeExtension\",\n\t\t\t\t\t\t\"description\": \"By default, Twilios REST API returns XML. You may obtain CSV, JSON or HTML by appending .csv, .json, or .html.n\",\n\t\t\t\t\t\t\"type\": \"string\"\n\t\t\t\t\t}\n\t\t\t\t],\n\t\t\t\t\"responses\": {\n\t\t\t\t\t\"200\": {\n\t\t\t\t\t\t\"description\": \"OK\"\n\t\t\t\t\t}\n\t\t\t\t},\n\t\t\t\t\"tags\": [\n\t\t\t\t\t\"Messaging\",\n\t\t\t\t\t\" SMS\"\n\t\t\t\t]\n\t\t\t}\n\t\t},\n\t\t\"/Messages/\": {\n\t\t\t\"post\": {\n\t\t\t\t\"summary\": \"Add Message\",\n\t\t\t\t\"description\": \"A Message instance resource represents an inbound or outbound message. When you send an SMS or MMS message via the REST API, use the <Message> verb in TwiML, or someone sends a message to one of your Twilio numbers Twilio creates a Message instance resource.\",\n\t\t\t\t\"operationId\": \"\",\n\t\t\t\t\"parameters\": [\n\t\t\t\t\t{\n\t\t\t\t\t\t\"in\": \"path\",\n\t\t\t\t\t\t\"name\": \"AccountSid\",\n\t\t\t\t\t\t\"description\": \"Account ID\",\n\t\t\t\t\t\t\"type\": \"string\",\n\t\t\t\t\t\t\"format\": \"string\"\n\t\t\t\t\t},\n\t\t\t\t\t{\n\t\t\t\t\t\t\"in\": \"query\",\n\t\t\t\t\t\t\"name\": \"ApplicationSid\",\n\t\t\t\t\t\t\"description\": \"Twilio will POST MessageSid as well as MessageStatus=sent or MessageStatus=failed to the URL in the MessageStatusCallback property of this Application. If the StatusCallback parameter above is also passed, the Applications MessageStatusCallback parameter will take precedence.\",\n\t\t\t\t\t\t\"type\": \"string\",\n\t\t\t\t\t\t\"format\": \"string\"\n\t\t\t\t\t},\n\t\t\t\t\t{\n\t\t\t\t\t\t\"in\": \"query\",\n\t\t\t\t\t\t\"name\": \"Body\",\n\t\t\t\t\t\t\"description\": \"The text of the message you want to send, limited to 1600 characters.\",\n\t\t\t\t\t\t\"type\": \"string\",\n\t\t\t\t\t\t\"format\": \"string\"\n\t\t\t\t\t},\n\t\t\t\t\t{\n\t\t\t\t\t\t\"in\": \"query\",\n\t\t\t\t\t\t\"name\": \"From\",\n\t\t\t\t\t\t\"description\": \"A Twilio phone number enabled for the type of message you wish to send. Only phone numbers or short codes purchased from Twilio work here; you cannot (for example) spoof messages from your own cell phone number.\",\n\t\t\t\t\t\t\"type\": \"string\",\n\t\t\t\t\t\t\"format\": \"string\"\n\t\t\t\t\t},\n\t\t\t\t\t{\n\t\t\t\t\t\t\"in\": \"query\",\n\t\t\t\t\t\t\"name\": \"MediaUrl\",\n\t\t\t\t\t\t\"description\": \"The URL of the media you wish to send out with the message. gif , png and jpeg content is currently supported and will be formatted correctly on the recipients device. Other types are also accepted by the API. The media size limit is 5MB. If you wish to send more than one image in the message body, please provide multiple MediaUrls values in the POST request. You may include up to 10 MediaUrls per message.\",\n\t\t\t\t\t\t\"type\": \"string\",\n\t\t\t\t\t\t\"format\": \"string\"\n\t\t\t\t\t},\n\t\t\t\t\t{\n\t\t\t\t\t\t\"in\": \"query\",\n\t\t\t\t\t\t\"name\": \"StatusCallback\",\n\t\t\t\t\t\t\"description\": \"A URL that Twilio will POST to each time your message status changes to one of the following: failed, sent, delivered, or undelivered. Twilio will POST the MessageSid along with the other standard request parameters as well as MessageStatus and ErrorCode.\",\n\t\t\t\t\t\t\"type\": \"string\",\n\t\t\t\t\t\t\"format\": \"string\"\n\t\t\t\t\t},\n\t\t\t\t\t{\n\t\t\t\t\t\t\"in\": \"query\",\n\t\t\t\t\t\t\"name\": \"To\",\n\t\t\t\t\t\t\"description\": \"The destination phone number. Format with a + and country code e.g., +16175551212 (E.164 format). For To numbers without a +, Twilio will use the same country code as the From number. Twilio will also attempt to handle locally formatted numbers for that country code (e.g. (415) 555-1212 for US, 07400123456 for GB). If you are sending to a different country than the From number, you must include a + and the country code to ensure proper delivery.\",\n\t\t\t\t\t\t\"type\": \"string\",\n\t\t\t\t\t\t\"format\": \"string\"\n\t\t\t\t\t}\n\t\t\t\t],\n\t\t\t\t\"responses\": {\n\t\t\t\t\t\"200\": {\n\t\t\t\t\t\t\"description\": \"OK\"\n\t\t\t\t\t}\n\t\t\t\t},\n\t\t\t\t\"tags\": [\n\t\t\t\t\t\"Messaging\",\n\t\t\t\t\t\" SMS\"\n\t\t\t\t]\n\t\t\t}\n\t\t},\n\t\t\"/Messages/{MessageSid}/\": {\n\t\t\t\"get\": {\n\t\t\t\t\"summary\": \"Get Message\",\n\t\t\t\t\"description\": \"This resource represents an individual SMS or MMS message.\",\n\t\t\t\t\"operationId\": \"\",\n\t\t\t\t\"parameters\": [\n\t\t\t\t\t{\n\t\t\t\t\t\t\"in\": \"path\",\n\t\t\t\t\t\t\"name\": \"MessageSid\",\n\t\t\t\t\t\t\"description\": \"The message ID.\",\n\t\t\t\t\t\t\"type\": \"string\",\n\t\t\t\t\t\t\"format\": \"string\"\n\t\t\t\t\t},\n\t\t\t\t\t{\n\t\t\t\t\t\t\"in\": \"path\",\n\t\t\t\t\t\t\"name\": \"This resource represents an individual SMS or MMS message.\",\n\t\t\t\t\t\t\"description\": \"The account ID.\",\n\t\t\t\t\t\t\"type\": \"string\",\n\t\t\t\t\t\t\"format\": \"string\"\n\t\t\t\t\t}\n\t\t\t\t],\n\t\t\t\t\"responses\": {\n\t\t\t\t\t\"200\": {\n\t\t\t\t\t\t\"description\": \"OK\"\n\t\t\t\t\t}\n\t\t\t\t},\n\t\t\t\t\"tags\": [\n\t\t\t\t\t\"Messaging\",\n\t\t\t\t\t\" SMS\"\n\t\t\t\t]\n\t\t\t}\n\t\t},\n\t\t\"/Accounts/{AccountSid}/OutgoingCallerIds/{OutgoingCallerIdSid}{mediaTypeExtension}\": {\n\t\t\t\"delete\": {\n\t\t\t\t\"summary\": \"Delete Outgoing Caller Id\",\n\t\t\t\t\"description\": \"Deletes the caller ID from the account. Returns an HTTP 204 response ifnsuccessful, with no body.n\",\n\t\t\t\t\"operationId\": \"deletes-the-caller-id-from-the-account-returns-an-http-204-response-ifsuccessful-with-no-body\",\n\t\t\t\t\"parameters\": [\n\t\t\t\t\t{\n\t\t\t\t\t\t\"in\": \"path\",\n\t\t\t\t\t\t\"name\": \"AccountSid\",\n\t\t\t\t\t\t\"type\": \"string\"\n\t\t\t\t\t},\n\t\t\t\t\t{\n\t\t\t\t\t\t\"in\": \"path\",\n\t\t\t\t\t\t\"name\": \"mediaTypeExtension\",\n\t\t\t\t\t\t\"description\": \"By default, Twilios REST API returns XML. You may obtain CSV, JSON or HTML by appending .csv, .json, or .html.n\",\n\t\t\t\t\t\t\"type\": \"string\"\n\t\t\t\t\t},\n\t\t\t\t\t{\n\t\t\t\t\t\t\"in\": \"path\",\n\t\t\t\t\t\t\"name\": \"OutgoingCallerIdSid\",\n\t\t\t\t\t\t\"type\": \"string\"\n\t\t\t\t\t}\n\t\t\t\t],\n\t\t\t\t\"responses\": {\n\t\t\t\t\t\"200\": {\n\t\t\t\t\t\t\"description\": \"OK\"\n\t\t\t\t\t}\n\t\t\t\t},\n\t\t\t\t\"tags\": [\n\t\t\t\t\t\"Caller Ids\"\n\t\t\t\t]\n\t\t\t},\n\t\t\t\"get\": {\n\t\t\t\t\"summary\": \"Get Outgoing Caller Ids\",\n\t\t\t\t\"description\": \"Get the set of an accounts verified phone numbers.\",\n\t\t\t\t\"operationId\": \"get-the-set-of-an-accounts-verified-phone-numbers\",\n\t\t\t\t\"parameters\": [\n\t\t\t\t\t{\n\t\t\t\t\t\t\"in\": \"path\",\n\t\t\t\t\t\t\"name\": \"AccountSid\",\n\t\t\t\t\t\t\"type\": \"string\"\n\t\t\t\t\t},\n\t\t\t\t\t{\n\t\t\t\t\t\t\"in\": \"path\",\n\t\t\t\t\t\t\"name\": \"mediaTypeExtension\",\n\t\t\t\t\t\t\"description\": \"By default, Twilios REST API returns XML. You may obtain CSV, JSON or HTML by appending .csv, .json, or .html.n\",\n\t\t\t\t\t\t\"type\": \"string\"\n\t\t\t\t\t},\n\t\t\t\t\t{\n\t\t\t\t\t\t\"in\": \"path\",\n\t\t\t\t\t\t\"name\": \"OutgoingCallerIdSid\",\n\t\t\t\t\t\t\"type\": \"string\"\n\t\t\t\t\t}\n\t\t\t\t],\n\t\t\t\t\"responses\": {\n\t\t\t\t\t\"200\": {\n\t\t\t\t\t\t\"description\": \"OK\"\n\t\t\t\t\t}\n\t\t\t\t},\n\t\t\t\t\"tags\": [\n\t\t\t\t\t\"Caller Ids\"\n\t\t\t\t]\n\t\t\t},\n\t\t\t\"post\": {\n\t\t\t\t\"summary\": \"Add Outgoing Caller Id\",\n\t\t\t\t\"description\": \"Updates the caller id, and returns the updated resource if successful.\",\n\t\t\t\t\"operationId\": \"updates-the-caller-id-and-returns-the-updated-resource-if-successful\",\n\t\t\t\t\"parameters\": [\n\t\t\t\t\t{\n\t\t\t\t\t\t\"in\": \"path\",\n\t\t\t\t\t\t\"name\": \"AccountSid\",\n\t\t\t\t\t\t\"type\": \"string\"\n\t\t\t\t\t},\n\t\t\t\t\t{\n\t\t\t\t\t\t\"in\": \"path\",\n\t\t\t\t\t\t\"name\": \"mediaTypeExtension\",\n\t\t\t\t\t\t\"description\": \"By default, Twilios REST API returns XML. You may obtain CSV, JSON or HTML by appending .csv, .json, or .html.n\",\n\t\t\t\t\t\t\"type\": \"string\"\n\t\t\t\t\t},\n\t\t\t\t\t{\n\t\t\t\t\t\t\"in\": \"path\",\n\t\t\t\t\t\t\"name\": \"OutgoingCallerIdSid\",\n\t\t\t\t\t\t\"type\": \"string\"\n\t\t\t\t\t}\n\t\t\t\t],\n\t\t\t\t\"responses\": {\n\t\t\t\t\t\"200\": {\n\t\t\t\t\t\t\"description\": \"OK\"\n\t\t\t\t\t}\n\t\t\t\t},\n\t\t\t\t\"tags\": [\n\t\t\t\t\t\"Caller Ids\"\n\t\t\t\t]\n\t\t\t},\n\t\t\t\"put\": {\n\t\t\t\t\"summary\": \"Update Outgoing Caller Id\",\n\t\t\t\t\"description\": \"Updates the caller id, and returns the updated resource if successful.\",\n\t\t\t\t\"operationId\": \"updates-the-caller-id-and-returns-the-updated-resource-if-successful\",\n\t\t\t\t\"parameters\": [\n\t\t\t\t\t{\n\t\t\t\t\t\t\"in\": \"path\",\n\t\t\t\t\t\t\"name\": \"AccountSid\",\n\t\t\t\t\t\t\"type\": \"string\"\n\t\t\t\t\t},\n\t\t\t\t\t{\n\t\t\t\t\t\t\"in\": \"path\",\n\t\t\t\t\t\t\"name\": \"mediaTypeExtension\",\n\t\t\t\t\t\t\"description\": \"By default, Twilios REST API returns XML. You may obtain CSV, JSON or HTML by appending .csv, .json, or .html.n\",\n\t\t\t\t\t\t\"type\": \"string\"\n\t\t\t\t\t},\n\t\t\t\t\t{\n\t\t\t\t\t\t\"in\": \"path\",\n\t\t\t\t\t\t\"name\": \"OutgoingCallerIdSid\",\n\t\t\t\t\t\t\"type\": \"string\"\n\t\t\t\t\t}\n\t\t\t\t],\n\t\t\t\t\"responses\": {\n\t\t\t\t\t\"200\": {\n\t\t\t\t\t\t\"description\": \"OK\"\n\t\t\t\t\t}\n\t\t\t\t},\n\t\t\t\t\"tags\": [\n\t\t\t\t\t\"Caller Ids\"\n\t\t\t\t]\n\t\t\t}\n\t\t},\n\t\t\"/Accounts/{AccountSid}/OutgoingCallerIds{mediaTypeExtension}\": {\n\t\t\t\"get\": {\n\t\t\t\t\"summary\": \"Get Outgoing Caller Ids\",\n\t\t\t\t\"description\": \"Returns a list of OutgoingCallerId resource representations, each representingna Caller ID number valid for an account. The list includes paging information.n\",\n\t\t\t\t\"operationId\": \"returns-a-list-of-outgoingcallerid-resource-representations-each-representinga-caller-id-number-vali\",\n\t\t\t\t\"parameters\": [\n\t\t\t\t\t{\n\t\t\t\t\t\t\"in\": \"path\",\n\t\t\t\t\t\t\"name\": \"AccountSid\",\n\t\t\t\t\t\t\"type\": \"string\"\n\t\t\t\t\t},\n\t\t\t\t\t{\n\t\t\t\t\t\t\"in\": \"path\",\n\t\t\t\t\t\t\"name\": \"mediaTypeExtension\",\n\t\t\t\t\t\t\"description\": \"By default, Twilios REST API returns XML. You may obtain CSV, JSON or HTML by appending .csv, .json, or .html.n\",\n\t\t\t\t\t\t\"type\": \"string\"\n\t\t\t\t\t}\n\t\t\t\t],\n\t\t\t\t\"responses\": {\n\t\t\t\t\t\"200\": {\n\t\t\t\t\t\t\"description\": \"OK\"\n\t\t\t\t\t}\n\t\t\t\t},\n\t\t\t\t\"tags\": [\n\t\t\t\t\t\"Caller Ids\"\n\t\t\t\t]\n\t\t\t},\n\t\t\t\"post\": {\n\t\t\t\t\"summary\": \"Add Outgoing Caller Id\",\n\t\t\t\t\"description\": \"Adds a new CallerID to your account.\",\n\t\t\t\t\"operationId\": \"adds-a-new-callerid-to-your-account\",\n\t\t\t\t\"parameters\": [\n\t\t\t\t\t{\n\t\t\t\t\t\t\"in\": \"path\",\n\t\t\t\t\t\t\"name\": \"AccountSid\",\n\t\t\t\t\t\t\"type\": \"string\"\n\t\t\t\t\t},\n\t\t\t\t\t{\n\t\t\t\t\t\t\"in\": \"path\",\n\t\t\t\t\t\t\"name\": \"mediaTypeExtension\",\n\t\t\t\t\t\t\"description\": \"By default, Twilios REST API returns XML. You may obtain CSV, JSON or HTML by appending .csv, .json, or .html.n\",\n\t\t\t\t\t\t\"type\": \"string\"\n\t\t\t\t\t}\n\t\t\t\t],\n\t\t\t\t\"responses\": {\n\t\t\t\t\t\"200\": {\n\t\t\t\t\t\t\"description\": \"OK\"\n\t\t\t\t\t}\n\t\t\t\t},\n\t\t\t\t\"tags\": [\n\t\t\t\t\t\"Caller Ids\"\n\t\t\t\t]\n\t\t\t}\n\t\t},\n\t\t\"/{AccountSid}/OutgoingCallerIds.{format}\": {\n\t\t\t\"get\": {\n\t\t\t\t\"summary\": \"GetOutgoingCallerIdList\",\n\t\t\t\t\"description\": \"GetOutgoingCallerIdList\",\n\t\t\t\t\"operationId\": \"getoutgoingcalleridlist\",\n\t\t\t\t\"parameters\": [\n\t\t\t\t\t{\n\t\t\t\t\t\t\"in\": \"path\",\n\t\t\t\t\t\t\"name\": \"AccountSid\",\n\t\t\t\t\t\t\"type\": \"string\"\n\t\t\t\t\t},\n\t\t\t\t\t{\n\t\t\t\t\t\t\"in\": \"path\",\n\t\t\t\t\t\t\"name\": \"format\",\n\t\t\t\t\t\t\"type\": \"string\"\n\t\t\t\t\t}\n\t\t\t\t],\n\t\t\t\t\"responses\": {\n\t\t\t\t\t\"200\": {\n\t\t\t\t\t\t\"description\": \"OK\"\n\t\t\t\t\t}\n\t\t\t\t},\n\t\t\t\t\"tags\": [\n\t\t\t\t\t\"Caller Ids\"\n\t\t\t\t]\n\t\t\t},\n\t\t\t\"post\": {\n\t\t\t\t\"summary\": \"AddOutgoingCallerId\",\n\t\t\t\t\"description\": \"AddOutgoingCallerId\",\n\t\t\t\t\"operationId\": \"addoutgoingcallerid\",\n\t\t\t\t\"parameters\": [\n\t\t\t\t\t{\n\t\t\t\t\t\t\"in\": \"path\",\n\t\t\t\t\t\t\"name\": \"AccountSid\",\n\t\t\t\t\t\t\"type\": \"string\"\n\t\t\t\t\t},\n\t\t\t\t\t{\n\t\t\t\t\t\t\"in\": \"path\",\n\t\t\t\t\t\t\"name\": \"format\",\n\t\t\t\t\t\t\"type\": \"string\"\n\t\t\t\t\t}\n\t\t\t\t],\n\t\t\t\t\"responses\": {\n\t\t\t\t\t\"200\": {\n\t\t\t\t\t\t\"description\": \"OK\"\n\t\t\t\t\t}\n\t\t\t\t},\n\t\t\t\t\"tags\": [\n\t\t\t\t\t\"Caller Ids\"\n\t\t\t\t]\n\t\t\t}\n\t\t},\n\t\t\"/{AccountSid}/OutgoingCallerIds/{OutgoingCallerIdSid}.{format}\": {\n\t\t\t\"delete\": {\n\t\t\t\t\"summary\": \"DeleteOutgoingCallerId\",\n\t\t\t\t\"description\": \"DeleteOutgoingCallerId\",\n\t\t\t\t\"operationId\": \"deleteoutgoingcallerid\",\n\t\t\t\t\"parameters\": [\n\t\t\t\t\t{\n\t\t\t\t\t\t\"in\": \"path\",\n\t\t\t\t\t\t\"name\": \"AccountSid\",\n\t\t\t\t\t\t\"type\": \"string\"\n\t\t\t\t\t},\n\t\t\t\t\t{\n\t\t\t\t\t\t\"in\": \"path\",\n\t\t\t\t\t\t\"name\": \"format\",\n\t\t\t\t\t\t\"type\": \"string\"\n\t\t\t\t\t},\n\t\t\t\t\t{\n\t\t\t\t\t\t\"in\": \"path\",\n\t\t\t\t\t\t\"name\": \"OutgoingCallerIdSid\",\n\t\t\t\t\t\t\"type\": \"string\"\n\t\t\t\t\t}\n\t\t\t\t],\n\t\t\t\t\"responses\": {\n\t\t\t\t\t\"200\": {\n\t\t\t\t\t\t\"description\": \"OK\"\n\t\t\t\t\t}\n\t\t\t\t},\n\t\t\t\t\"tags\": [\n\t\t\t\t\t\"Caller Ids\"\n\t\t\t\t]\n\t\t\t},\n\t\t\t\"get\": {\n\t\t\t\t\"summary\": \"GetOutgoingCallerId\",\n\t\t\t\t\"description\": \"GetOutgoingCallerId\",\n\t\t\t\t\"operationId\": \"getoutgoingcallerid\",\n\t\t\t\t\"parameters\": [\n\t\t\t\t\t{\n\t\t\t\t\t\t\"in\": \"path\",\n\t\t\t\t\t\t\"name\": \"AccountSid\",\n\t\t\t\t\t\t\"type\": \"string\"\n\t\t\t\t\t},\n\t\t\t\t\t{\n\t\t\t\t\t\t\"in\": \"path\",\n\t\t\t\t\t\t\"name\": \"format\",\n\t\t\t\t\t\t\"type\": \"string\"\n\t\t\t\t\t},\n\t\t\t\t\t{\n\t\t\t\t\t\t\"in\": \"path\",\n\t\t\t\t\t\t\"name\": \"OutgoingCallerIdSid\",\n\t\t\t\t\t\t\"type\": \"string\"\n\t\t\t\t\t}\n\t\t\t\t],\n\t\t\t\t\"responses\": {\n\t\t\t\t\t\"200\": {\n\t\t\t\t\t\t\"description\": \"OK\"\n\t\t\t\t\t}\n\t\t\t\t},\n\t\t\t\t\"tags\": [\n\t\t\t\t\t\"Caller Ids\"\n\t\t\t\t]\n\t\t\t},\n\t\t\t\"post\": {\n\t\t\t\t\"summary\": \"UpdateOutgoingCallerId (POST)\",\n\t\t\t\t\"description\": \"UpdateOutgoingCallerId (POST)\",\n\t\t\t\t\"operationId\": \"updateoutgoingcallerid-post\",\n\t\t\t\t\"parameters\": [\n\t\t\t\t\t{\n\t\t\t\t\t\t\"in\": \"path\",\n\t\t\t\t\t\t\"name\": \"AccountSid\",\n\t\t\t\t\t\t\"type\": \"string\"\n\t\t\t\t\t},\n\t\t\t\t\t{\n\t\t\t\t\t\t\"in\": \"path\",\n\t\t\t\t\t\t\"name\": \"format\",\n\t\t\t\t\t\t\"type\": \"string\"\n\t\t\t\t\t},\n\t\t\t\t\t{\n\t\t\t\t\t\t\"in\": \"path\",\n\t\t\t\t\t\t\"name\": \"OutgoingCallerIdSid\",\n\t\t\t\t\t\t\"type\": \"string\"\n\t\t\t\t\t}\n\t\t\t\t],\n\t\t\t\t\"responses\": {\n\t\t\t\t\t\"200\": {\n\t\t\t\t\t\t\"description\": \"OK\"\n\t\t\t\t\t}\n\t\t\t\t},\n\t\t\t\t\"tags\": [\n\t\t\t\t\t\"Caller Ids\"\n\t\t\t\t]\n\t\t\t},\n\t\t\t\"put\": {\n\t\t\t\t\"summary\": \"UpdateOutgoingCallerId (PUT)\",\n\t\t\t\t\"description\": \"UpdateOutgoingCallerId (PUT)\",\n\t\t\t\t\"operationId\": \"updateoutgoingcallerid-put\",\n\t\t\t\t\"parameters\": [\n\t\t\t\t\t{\n\t\t\t\t\t\t\"in\": \"path\",\n\t\t\t\t\t\t\"name\": \"AccountSid\",\n\t\t\t\t\t\t\"type\": \"string\"\n\t\t\t\t\t},\n\t\t\t\t\t{\n\t\t\t\t\t\t\"in\": \"path\",\n\t\t\t\t\t\t\"name\": \"format\",\n\t\t\t\t\t\t\"type\": \"string\"\n\t\t\t\t\t},\n\t\t\t\t\t{\n\t\t\t\t\t\t\"in\": \"path\",\n\t\t\t\t\t\t\"name\": \"OutgoingCallerIdSid\",\n\t\t\t\t\t\t\"type\": \"string\"\n\t\t\t\t\t}\n\t\t\t\t],\n\t\t\t\t\"responses\": {\n\t\t\t\t\t\"200\": {\n\t\t\t\t\t\t\"description\": \"OK\"\n\t\t\t\t\t}\n\t\t\t\t},\n\t\t\t\t\"tags\": [\n\t\t\t\t\t\"Caller Ids\"\n\t\t\t\t]\n\t\t\t}\n\t\t},\n\t\t\"/Accounts/{AccountSid}/Queues/{QueueSid}/Members/Front{mediaTypeExtension}\": {\n\t\t\t\"get\": {\n\t\t\t\t\"summary\": \"Get Queue Members In Front\",\n\t\t\t\t\"description\": \"Get a front member.\",\n\t\t\t\t\"operationId\": \"get-a-front-member\",\n\t\t\t\t\"parameters\": [\n\t\t\t\t\t{\n\t\t\t\t\t\t\"in\": \"path\",\n\t\t\t\t\t\t\"name\": \"AccountSid\",\n\t\t\t\t\t\t\"type\": \"string\"\n\t\t\t\t\t},\n\t\t\t\t\t{\n\t\t\t\t\t\t\"in\": \"path\",\n\t\t\t\t\t\t\"name\": \"mediaTypeExtension\",\n\t\t\t\t\t\t\"description\": \"By default, Twilios REST API returns XML. You may obtain CSV, JSON or HTML by appending .csv, .json, or .html.n\",\n\t\t\t\t\t\t\"type\": \"string\"\n\t\t\t\t\t},\n\t\t\t\t\t{\n\t\t\t\t\t\t\"in\": \"path\",\n\t\t\t\t\t\t\"name\": \"QueueSid\",\n\t\t\t\t\t\t\"type\": \"string\"\n\t\t\t\t\t}\n\t\t\t\t],\n\t\t\t\t\"responses\": {\n\t\t\t\t\t\"200\": {\n\t\t\t\t\t\t\"description\": \"OK\"\n\t\t\t\t\t}\n\t\t\t\t},\n\t\t\t\t\"tags\": [\n\t\t\t\t\t\"queues\"\n\t\t\t\t]\n\t\t\t},\n\t\t\t\"post\": {\n\t\t\t\t\"summary\": \"Update Queue Members In Front\",\n\t\t\t\t\"description\": \"Posting a URL and Method to a Queue instance will dequeue a member from anqueue and have the members call begin executing the TwiML document at that URLnWhen dequeuing the Front of the queue, the next call in the queue will be redirected.n\",\n\t\t\t\t\"operationId\": \"posting-a-url-and-method-to-a-queue-instance-will-dequeue-a-member-from-aqueue-and-have-the-members-\",\n\t\t\t\t\"parameters\": [\n\t\t\t\t\t{\n\t\t\t\t\t\t\"in\": \"path\",\n\t\t\t\t\t\t\"name\": \"AccountSid\",\n\t\t\t\t\t\t\"type\": \"string\"\n\t\t\t\t\t},\n\t\t\t\t\t{\n\t\t\t\t\t\t\"in\": \"path\",\n\t\t\t\t\t\t\"name\": \"mediaTypeExtension\",\n\t\t\t\t\t\t\"description\": \"By default, Twilios REST API returns XML. You may obtain CSV, JSON or HTML by appending .csv, .json, or .html.n\",\n\t\t\t\t\t\t\"type\": \"string\"\n\t\t\t\t\t},\n\t\t\t\t\t{\n\t\t\t\t\t\t\"in\": \"path\",\n\t\t\t\t\t\t\"name\": \"QueueSid\",\n\t\t\t\t\t\t\"type\": \"string\"\n\t\t\t\t\t}\n\t\t\t\t],\n\t\t\t\t\"responses\": {\n\t\t\t\t\t\"200\": {\n\t\t\t\t\t\t\"description\": \"OK\"\n\t\t\t\t\t}\n\t\t\t\t},\n\t\t\t\t\"tags\": [\n\t\t\t\t\t\"queues\"\n\t\t\t\t]\n\t\t\t}\n\t\t},\n\t\t\"/Accounts/{AccountSid}/Queues/{QueueSid}/Members/{CallSid}{mediaTypeExtension}\": {\n\t\t\t\"get\": {\n\t\t\t\t\"summary\": \"Get Queue Members\",\n\t\t\t\t\"description\": \"Get a specific member.\",\n\t\t\t\t\"operationId\": \"get-a-specific-member\",\n\t\t\t\t\"parameters\": [\n\t\t\t\t\t{\n\t\t\t\t\t\t\"in\": \"path\",\n\t\t\t\t\t\t\"name\": \"AccountSid\",\n\t\t\t\t\t\t\"type\": \"string\"\n\t\t\t\t\t},\n\t\t\t\t\t{\n\t\t\t\t\t\t\"in\": \"path\",\n\t\t\t\t\t\t\"name\": \"CallSid\",\n\t\t\t\t\t\t\"type\": \"string\"\n\t\t\t\t\t},\n\t\t\t\t\t{\n\t\t\t\t\t\t\"in\": \"path\",\n\t\t\t\t\t\t\"name\": \"mediaTypeExtension\",\n\t\t\t\t\t\t\"description\": \"By default, Twilios REST API returns XML. You may obtain CSV, JSON or HTML by appending .csv, .json, or .html.n\",\n\t\t\t\t\t\t\"type\": \"string\"\n\t\t\t\t\t},\n\t\t\t\t\t{\n\t\t\t\t\t\t\"in\": \"path\",\n\t\t\t\t\t\t\"name\": \"QueueSid\",\n\t\t\t\t\t\t\"type\": \"string\"\n\t\t\t\t\t}\n\t\t\t\t],\n\t\t\t\t\"responses\": {\n\t\t\t\t\t\"200\": {\n\t\t\t\t\t\t\"description\": \"OK\"\n\t\t\t\t\t}\n\t\t\t\t},\n\t\t\t\t\"tags\": [\n\t\t\t\t\t\"queues\"\n\t\t\t\t]\n\t\t\t},\n\t\t\t\"post\": {\n\t\t\t\t\"summary\": \"Update Queue Members\",\n\t\t\t\t\"description\": \"Posting a URL and Method to a Queue instance will dequeue a member from anqueue and have the members call begin executing the TwiML document at that URLnWhen redirecting a member of a queue addressed by CallSid, only the first requestnwill succeed and return a 200 response code. A second request will fail andnreturn an appropriate 400 response code.n\",\n\t\t\t\t\"operationId\": \"posting-a-url-and-method-to-a-queue-instance-will-dequeue-a-member-from-aqueue-and-have-the-members-\",\n\t\t\t\t\"parameters\": [\n\t\t\t\t\t{\n\t\t\t\t\t\t\"in\": \"path\",\n\t\t\t\t\t\t\"name\": \"AccountSid\",\n\t\t\t\t\t\t\"type\": \"string\"\n\t\t\t\t\t},\n\t\t\t\t\t{\n\t\t\t\t\t\t\"in\": \"path\",\n\t\t\t\t\t\t\"name\": \"CallSid\",\n\t\t\t\t\t\t\"type\": \"string\"\n\t\t\t\t\t},\n\t\t\t\t\t{\n\t\t\t\t\t\t\"in\": \"path\",\n\t\t\t\t\t\t\"name\": \"mediaTypeExtension\",\n\t\t\t\t\t\t\"description\": \"By default, Twilios REST API returns XML. You may obtain CSV, JSON or HTML by appending .csv, .json, or .html.n\",\n\t\t\t\t\t\t\"type\": \"string\"\n\t\t\t\t\t},\n\t\t\t\t\t{\n\t\t\t\t\t\t\"in\": \"path\",\n\t\t\t\t\t\t\"name\": \"QueueSid\",\n\t\t\t\t\t\t\"type\": \"string\"\n\t\t\t\t\t}\n\t\t\t\t],\n\t\t\t\t\"responses\": {\n\t\t\t\t\t\"200\": {\n\t\t\t\t\t\t\"description\": \"OK\"\n\t\t\t\t\t}\n\t\t\t\t},\n\t\t\t\t\"tags\": [\n\t\t\t\t\t\"queues\"\n\t\t\t\t]\n\t\t\t}\n\t\t},\n\t\t\"/Accounts/{AccountSid}/Queues/{QueueSid}/Members{mediaTypeExtension}\": {\n\t\t\t\"get\": {\n\t\t\t\t\"summary\": \"Get Queue Members\",\n\t\t\t\t\"description\": \"Returns the list of members in the queue identified by {QueueSid}.\",\n\t\t\t\t\"operationId\": \"returns-the-list-of-members-in-the-queue-identified-by-queuesid\",\n\t\t\t\t\"parameters\": [\n\t\t\t\t\t{\n\t\t\t\t\t\t\"in\": \"path\",\n\t\t\t\t\t\t\"name\": \"AccountSid\",\n\t\t\t\t\t\t\"type\": \"string\"\n\t\t\t\t\t},\n\t\t\t\t\t{\n\t\t\t\t\t\t\"in\": \"path\",\n\t\t\t\t\t\t\"name\": \"mediaTypeExtension\",\n\t\t\t\t\t\t\"description\": \"By default, Twilios REST API returns XML. You may obtain CSV, JSON or HTML by appending .csv, .json, or .html.n\",\n\t\t\t\t\t\t\"type\": \"string\"\n\t\t\t\t\t},\n\t\t\t\t\t{\n\t\t\t\t\t\t\"in\": \"path\",\n\t\t\t\t\t\t\"name\": \"QueueSid\",\n\t\t\t\t\t\t\"type\": \"string\"\n\t\t\t\t\t}\n\t\t\t\t],\n\t\t\t\t\"responses\": {\n\t\t\t\t\t\"200\": {\n\t\t\t\t\t\t\"description\": \"OK\"\n\t\t\t\t\t}\n\t\t\t\t},\n\t\t\t\t\"tags\": [\n\t\t\t\t\t\"queues\"\n\t\t\t\t]\n\t\t\t}\n\t\t},\n\t\t\"/Accounts/{AccountSid}/Queues/{QueueSid}{mediaTypeExtension}\": {\n\t\t\t\"delete\": {\n\t\t\t\t\"summary\": \"Delete Queue Members\",\n\t\t\t\t\"description\": \"The DELETE method allows you to remove a Queue. Only empty queues arendeletable.n\",\n\t\t\t\t\"operationId\": \"the-delete-method-allows-you-to-remove-a-queue-only-empty-queues-aredeletable\",\n\t\t\t\t\"parameters\": [\n\t\t\t\t\t{\n\t\t\t\t\t\t\"in\": \"path\",\n\t\t\t\t\t\t\"name\": \"AccountSid\",\n\t\t\t\t\t\t\"type\": \"string\"\n\t\t\t\t\t},\n\t\t\t\t\t{\n\t\t\t\t\t\t\"in\": \"path\",\n\t\t\t\t\t\t\"name\": \"mediaTypeExtension\",\n\t\t\t\t\t\t\"description\": \"By default, Twilios REST API returns XML. You may obtain CSV, JSON or HTML by appending .csv, .json, or .html.n\",\n\t\t\t\t\t\t\"type\": \"string\"\n\t\t\t\t\t},\n\t\t\t\t\t{\n\t\t\t\t\t\t\"in\": \"path\",\n\t\t\t\t\t\t\"name\": \"QueueSid\",\n\t\t\t\t\t\t\"type\": \"string\"\n\t\t\t\t\t}\n\t\t\t\t],\n\t\t\t\t\"responses\": {\n\t\t\t\t\t\"200\": {\n\t\t\t\t\t\t\"description\": \"OK\"\n\t\t\t\t\t}\n\t\t\t\t},\n\t\t\t\t\"tags\": [\n\t\t\t\t\t\"queues\"\n\t\t\t\t]\n\t\t\t},\n\t\t\t\"get\": {\n\t\t\t\t\"summary\": \"Get Queue Members\",\n\t\t\t\t\"description\": \"Get resources individual Queue instance.n\",\n\t\t\t\t\"operationId\": \"get-resources-individual-queue-instance\",\n\t\t\t\t\"parameters\": [\n\t\t\t\t\t{\n\t\t\t\t\t\t\"in\": \"path\",\n\t\t\t\t\t\t\"name\": \"AccountSid\",\n\t\t\t\t\t\t\"type\": \"string\"\n\t\t\t\t\t},\n\t\t\t\t\t{\n\t\t\t\t\t\t\"in\": \"path\",\n\t\t\t\t\t\t\"name\": \"mediaTypeExtension\",\n\t\t\t\t\t\t\"description\": \"By default, Twilios REST API returns XML. You may obtain CSV, JSON or HTML by appending .csv, .json, or .html.n\",\n\t\t\t\t\t\t\"type\": \"string\"\n\t\t\t\t\t},\n\t\t\t\t\t{\n\t\t\t\t\t\t\"in\": \"path\",\n\t\t\t\t\t\t\"name\": \"QueueSid\",\n\t\t\t\t\t\t\"type\": \"string\"\n\t\t\t\t\t}\n\t\t\t\t],\n\t\t\t\t\"responses\": {\n\t\t\t\t\t\"200\": {\n\t\t\t\t\t\t\"description\": \"OK\"\n\t\t\t\t\t}\n\t\t\t\t},\n\t\t\t\t\"tags\": [\n\t\t\t\t\t\"queues\"\n\t\t\t\t]\n\t\t\t},\n\t\t\t\"post\": {\n\t\t\t\t\"summary\": \"Add Queue Members\",\n\t\t\t\t\"description\": \"This POST request allows you to change the FriendlyName or MaxSize.n\",\n\t\t\t\t\"operationId\": \"this-post-request-allows-you-to-change-the-friendlyname-or-maxsize\",\n\t\t\t\t\"parameters\": [\n\t\t\t\t\t{\n\t\t\t\t\t\t\"in\": \"path\",\n\t\t\t\t\t\t\"name\": \"AccountSid\",\n\t\t\t\t\t\t\"type\": \"string\"\n\t\t\t\t\t},\n\t\t\t\t\t{\n\t\t\t\t\t\t\"in\": \"path\",\n\t\t\t\t\t\t\"name\": \"mediaTypeExtension\",\n\t\t\t\t\t\t\"description\": \"By default, Twilios REST API returns XML. You may obtain CSV, JSON or HTML by appending .csv, .json, or .html.n\",\n\t\t\t\t\t\t\"type\": \"string\"\n\t\t\t\t\t},\n\t\t\t\t\t{\n\t\t\t\t\t\t\"in\": \"path\",\n\t\t\t\t\t\t\"name\": \"QueueSid\",\n\t\t\t\t\t\t\"type\": \"string\"\n\t\t\t\t\t}\n\t\t\t\t],\n\t\t\t\t\"responses\": {\n\t\t\t\t\t\"200\": {\n\t\t\t\t\t\t\"description\": \"OK\"\n\t\t\t\t\t}\n\t\t\t\t},\n\t\t\t\t\"tags\": [\n\t\t\t\t\t\"queues\"\n\t\t\t\t]\n\t\t\t}\n\t\t},\n\t\t\"/Accounts/{AccountSid}/Queues{mediaTypeExtension}\": {\n\t\t\t\"get\": {\n\t\t\t\t\"summary\": \"Get Queues\",\n\t\t\t\t\"description\": \"Returns a list of queues within an account. The list includes pagingninformation.n\",\n\t\t\t\t\"operationId\": \"returns-a-list-of-queues-within-an-account-the-list-includes-paginginformation\",\n\t\t\t\t\"parameters\": [\n\t\t\t\t\t{\n\t\t\t\t\t\t\"in\": \"path\",\n\t\t\t\t\t\t\"name\": \"AccountSid\",\n\t\t\t\t\t\t\"type\": \"string\"\n\t\t\t\t\t},\n\t\t\t\t\t{\n\t\t\t\t\t\t\"in\": \"path\",\n\t\t\t\t\t\t\"name\": \"mediaTypeExtension\",\n\t\t\t\t\t\t\"description\": \"By default, Twilios REST API returns XML. You may obtain CSV, JSON or HTML by appending .csv, .json, or .html.n\",\n\t\t\t\t\t\t\"type\": \"string\"\n\t\t\t\t\t}\n\t\t\t\t],\n\t\t\t\t\"responses\": {\n\t\t\t\t\t\"200\": {\n\t\t\t\t\t\t\"description\": \"OK\"\n\t\t\t\t\t}\n\t\t\t\t},\n\t\t\t\t\"tags\": [\n\t\t\t\t\t\"queues\"\n\t\t\t\t]\n\t\t\t},\n\t\t\t\"post\": {\n\t\t\t\t\"summary\": \"Add Queue\",\n\t\t\t\t\"description\": \"Create a new Queue resource.n\",\n\t\t\t\t\"operationId\": \"create-a-new-queue-resource\",\n\t\t\t\t\"parameters\": [\n\t\t\t\t\t{\n\t\t\t\t\t\t\"in\": \"path\",\n\t\t\t\t\t\t\"name\": \"AccountSid\",\n\t\t\t\t\t\t\"type\": \"string\"\n\t\t\t\t\t},\n\t\t\t\t\t{\n\t\t\t\t\t\t\"in\": \"path\",\n\t\t\t\t\t\t\"name\": \"mediaTypeExtension\",\n\t\t\t\t\t\t\"description\": \"By default, Twilios REST API returns XML. You may obtain CSV, JSON or HTML by appending .csv, .json, or .html.n\",\n\t\t\t\t\t\t\"type\": \"string\"\n\t\t\t\t\t}\n\t\t\t\t],\n\t\t\t\t\"responses\": {\n\t\t\t\t\t\"200\": {\n\t\t\t\t\t\t\"description\": \"OK\"\n\t\t\t\t\t}\n\t\t\t\t},\n\t\t\t\t\"tags\": [\n\t\t\t\t\t\"queues\"\n\t\t\t\t]\n\t\t\t}\n\t\t},\n\t\t\"/{AccountSid}/Sandbox.{format}\": {\n\t\t\t\"get\": {\n\t\t\t\t\"summary\": \"GetSandbox\",\n\t\t\t\t\"description\": \"GetSandbox\",\n\t\t\t\t\"operationId\": \"getsandbox\",\n\t\t\t\t\"parameters\": [\n\t\t\t\t\t{\n\t\t\t\t\t\t\"in\": \"path\",\n\t\t\t\t\t\t\"name\": \"AccountSid\",\n\t\t\t\t\t\t\"type\": \"string\"\n\t\t\t\t\t},\n\t\t\t\t\t{\n\t\t\t\t\t\t\"in\": \"path\",\n\t\t\t\t\t\t\"name\": \"format\",\n\t\t\t\t\t\t\"type\": \"string\"\n\t\t\t\t\t}\n\t\t\t\t],\n\t\t\t\t\"responses\": {\n\t\t\t\t\t\"200\": {\n\t\t\t\t\t\t\"description\": \"OK\"\n\t\t\t\t\t}\n\t\t\t\t},\n\t\t\t\t\"tags\": [\n\t\t\t\t\t\"sandbox\"\n\t\t\t\t]\n\t\t\t},\n\t\t\t\"post\": {\n\t\t\t\t\"summary\": \"UpdateSandbox\",\n\t\t\t\t\"description\": \"UpdateSandbox (POST)\",\n\t\t\t\t\"operationId\": \"updatesandbox-post\",\n\t\t\t\t\"parameters\": [\n\t\t\t\t\t{\n\t\t\t\t\t\t\"in\": \"path\",\n\t\t\t\t\t\t\"name\": \"AccountSid\",\n\t\t\t\t\t\t\"type\": \"string\"\n\t\t\t\t\t},\n\t\t\t\t\t{\n\t\t\t\t\t\t\"in\": \"path\",\n\t\t\t\t\t\t\"name\": \"format\",\n\t\t\t\t\t\t\"type\": \"string\"\n\t\t\t\t\t}\n\t\t\t\t],\n\t\t\t\t\"responses\": {\n\t\t\t\t\t\"200\": {\n\t\t\t\t\t\t\"description\": \"OK\"\n\t\t\t\t\t}\n\t\t\t\t},\n\t\t\t\t\"tags\": [\n\t\t\t\t\t\"sandbox\"\n\t\t\t\t]\n\t\t\t},\n\t\t\t\"put\": {\n\t\t\t\t\"summary\": \"UpdateSandbox\",\n\t\t\t\t\"description\": \"UpdateSandbox (PUT)\",\n\t\t\t\t\"operationId\": \"updatesandbox-put\",\n\t\t\t\t\"parameters\": [\n\t\t\t\t\t{\n\t\t\t\t\t\t\"in\": \"path\",\n\t\t\t\t\t\t\"name\": \"AccountSid\",\n\t\t\t\t\t\t\"type\": \"string\"\n\t\t\t\t\t},\n\t\t\t\t\t{\n\t\t\t\t\t\t\"in\": \"path\",\n\t\t\t\t\t\t\"name\": \"format\",\n\t\t\t\t\t\t\"type\": \"string\"\n\t\t\t\t\t}\n\t\t\t\t],\n\t\t\t\t\"responses\": {\n\t\t\t\t\t\"200\": {\n\t\t\t\t\t\t\"description\": \"OK\"\n\t\t\t\t\t}\n\t\t\t\t},\n\t\t\t\t\"tags\": [\n\t\t\t\t\t\"sandbox\"\n\t\t\t\t]\n\t\t\t}\n\t\t},\n\t\t\"/Accounts/{AccountSid}/SMS/ShortCodes/{ShortCodeSid}{mediaTypeExtension}\": {\n\t\t\t\"get\": {\n\t\t\t\t\"summary\": \"Get SMS Short Code Media\",\n\t\t\t\t\"description\": \"Get a single message.\",\n\t\t\t\t\"operationId\": \"get-a-single-message\",\n\t\t\t\t\"parameters\": [\n\t\t\t\t\t{\n\t\t\t\t\t\t\"in\": \"path\",\n\t\t\t\t\t\t\"name\": \"AccountSid\",\n\t\t\t\t\t\t\"type\": \"string\"\n\t\t\t\t\t},\n\t\t\t\t\t{\n\t\t\t\t\t\t\"in\": \"path\",\n\t\t\t\t\t\t\"name\": \"mediaTypeExtension\",\n\t\t\t\t\t\t\"description\": \"By default, Twilios REST API returns XML. You may obtain CSV, JSON or HTML by appending .csv, .json, or .html.n\",\n\t\t\t\t\t\t\"type\": \"string\"\n\t\t\t\t\t},\n\t\t\t\t\t{\n\t\t\t\t\t\t\"in\": \"path\",\n\t\t\t\t\t\t\"name\": \"ShortCodeSid\",\n\t\t\t\t\t\t\"type\": \"string\"\n\t\t\t\t\t}\n\t\t\t\t],\n\t\t\t\t\"responses\": {\n\t\t\t\t\t\"200\": {\n\t\t\t\t\t\t\"description\": \"OK\"\n\t\t\t\t\t}\n\t\t\t\t},\n\t\t\t\t\"tags\": [\n\t\t\t\t\t\"SMS\"\n\t\t\t\t]\n\t\t\t},\n\t\t\t\"post\": {\n\t\t\t\t\"summary\": \"Add SMS Short Code Media\",\n\t\t\t\t\"description\": \"Tries to update the shortcodes properties, and returns the updatednresource representation if successful.n\",\n\t\t\t\t\"operationId\": \"tries-to-update-the-shortcodes-properties-and-returns-the-updatedresource-representation-if-successf\",\n\t\t\t\t\"parameters\": [\n\t\t\t\t\t{\n\t\t\t\t\t\t\"in\": \"path\",\n\t\t\t\t\t\t\"name\": \"AccountSid\",\n\t\t\t\t\t\t\"type\": \"string\"\n\t\t\t\t\t},\n\t\t\t\t\t{\n\t\t\t\t\t\t\"in\": \"path\",\n\t\t\t\t\t\t\"name\": \"mediaTypeExtension\",\n\t\t\t\t\t\t\"description\": \"By default, Twilios REST API returns XML. You may obtain CSV, JSON or HTML by appending .csv, .json, or .html.n\",\n\t\t\t\t\t\t\"type\": \"string\"\n\t\t\t\t\t},\n\t\t\t\t\t{\n\t\t\t\t\t\t\"in\": \"path\",\n\t\t\t\t\t\t\"name\": \"ShortCodeSid\",\n\t\t\t\t\t\t\"type\": \"string\"\n\t\t\t\t\t}\n\t\t\t\t],\n\t\t\t\t\"responses\": {\n\t\t\t\t\t\"200\": {\n\t\t\t\t\t\t\"description\": \"OK\"\n\t\t\t\t\t}\n\t\t\t\t},\n\t\t\t\t\"tags\": [\n\t\t\t\t\t\"SMS\"\n\t\t\t\t]\n\t\t\t}\n\t\t},\n\t\t\"/Accounts/{AccountSid}/SMS/ShortCodes{mediaTypeExtension}\": {\n\t\t\t\"get\": {\n\t\t\t\t\"summary\": \"Get SMS Short Code Media\",\n\t\t\t\t\"description\": \"Returns a list of ShortCode resource representations, each representing anshort code within your account. The list includes paging information.n\",\n\t\t\t\t\"operationId\": \"returns-a-list-of-shortcode-resource-representations-each-representing-ashort-code-within-your-accou\",\n\t\t\t\t\"parameters\": [\n\t\t\t\t\t{\n\t\t\t\t\t\t\"in\": \"path\",\n\t\t\t\t\t\t\"name\": \"AccountSid\",\n\t\t\t\t\t\t\"type\": \"string\"\n\t\t\t\t\t},\n\t\t\t\t\t{\n\t\t\t\t\t\t\"in\": \"path\",\n\t\t\t\t\t\t\"name\": \"mediaTypeExtension\",\n\t\t\t\t\t\t\"description\": \"By default, Twilios REST API returns XML. You may obtain CSV, JSON or HTML by appending .csv, .json, or .html.n\",\n\t\t\t\t\t\t\"type\": \"string\"\n\t\t\t\t\t}\n\t\t\t\t],\n\t\t\t\t\"responses\": {\n\t\t\t\t\t\"200\": {\n\t\t\t\t\t\t\"description\": \"OK\"\n\t\t\t\t\t}\n\t\t\t\t},\n\t\t\t\t\"tags\": [\n\t\t\t\t\t\"SMS\"\n\t\t\t\t]\n\t\t\t}\n\t\t},\n\t\t\"/{AccountSid}/SMS/Messages.{format}\": {\n\t\t\t\"get\": {\n\t\t\t\t\"summary\": \"GetSMSList\",\n\t\t\t\t\"description\": \"GetSMSList\",\n\t\t\t\t\"operationId\": \"getsmslist\",\n\t\t\t\t\"parameters\": [\n\t\t\t\t\t{\n\t\t\t\t\t\t\"in\": \"path\",\n\t\t\t\t\t\t\"name\": \"AccountSid\",\n\t\t\t\t\t\t\"type\": \"string\"\n\t\t\t\t\t},\n\t\t\t\t\t{\n\t\t\t\t\t\t\"in\": \"path\",\n\t\t\t\t\t\t\"name\": \"format\",\n\t\t\t\t\t\t\"type\": \"string\"\n\t\t\t\t\t}\n\t\t\t\t],\n\t\t\t\t\"responses\": {\n\t\t\t\t\t\"200\": {\n\t\t\t\t\t\t\"description\": \"OK\"\n\t\t\t\t\t}\n\t\t\t\t},\n\t\t\t\t\"tags\": [\n\t\t\t\t\t\"SMS\"\n\t\t\t\t]\n\t\t\t},\n\t\t\t\"post\": {\n\t\t\t\t\"summary\": \"SendSMS\",\n\t\t\t\t\"description\": \"SendSMS\",\n\t\t\t\t\"operationId\": \"sendsms\",\n\t\t\t\t\"parameters\": [\n\t\t\t\t\t{\n\t\t\t\t\t\t\"in\": \"path\",\n\t\t\t\t\t\t\"name\": \"AccountSid\",\n\t\t\t\t\t\t\"type\": \"string\"\n\t\t\t\t\t},\n\t\t\t\t\t{\n\t\t\t\t\t\t\"in\": \"path\",\n\t\t\t\t\t\t\"name\": \"format\",\n\t\t\t\t\t\t\"type\": \"string\"\n\t\t\t\t\t}\n\t\t\t\t],\n\t\t\t\t\"responses\": {\n\t\t\t\t\t\"200\": {\n\t\t\t\t\t\t\"description\": \"OK\"\n\t\t\t\t\t}\n\t\t\t\t},\n\t\t\t\t\"tags\": [\n\t\t\t\t\t\"SMS\"\n\t\t\t\t]\n\t\t\t}\n\t\t},\n\t\t\"/{AccountSid}/SMS/Messages/{SMSMessageSid}.{format}\": {\n\t\t\t\"get\": {\n\t\t\t\t\"summary\": \"GetSMS\",\n\t\t\t\t\"description\": \"GetSMS\",\n\t\t\t\t\"operationId\": \"getsms\",\n\t\t\t\t\"parameters\": [\n\t\t\t\t\t{\n\t\t\t\t\t\t\"in\": \"path\",\n\t\t\t\t\t\t\"name\": \"AccountSid\",\n\t\t\t\t\t\t\"type\": \"string\"\n\t\t\t\t\t},\n\t\t\t\t\t{\n\t\t\t\t\t\t\"in\": \"path\",\n\t\t\t\t\t\t\"name\": \"format\",\n\t\t\t\t\t\t\"type\": \"string\"\n\t\t\t\t\t},\n\t\t\t\t\t{\n\t\t\t\t\t\t\"in\": \"path\",\n\t\t\t\t\t\t\"name\": \"SMSMessageSid\",\n\t\t\t\t\t\t\"type\": \"string\"\n\t\t\t\t\t}\n\t\t\t\t],\n\t\t\t\t\"responses\": {\n\t\t\t\t\t\"200\": {\n\t\t\t\t\t\t\"description\": \"OK\"\n\t\t\t\t\t}\n\t\t\t\t},\n\t\t\t\t\"tags\": [\n\t\t\t\t\t\"SMS\"\n\t\t\t\t]\n\t\t\t}\n\t\t},\n\t\t\"/Accounts/{AccountSid}/Usage/Records/{Subresource}{mediaTypeExtension}\": {\n\t\t\t\"get\": {\n\t\t\t\t\"summary\": \"Get Account Usage Record Sub Resource\",\n\t\t\t\t\"description\": \"Returns UsageRecords for all usage categories for a specified period.n\",\n\t\t\t\t\"operationId\": \"returns-usagerecords-for-all-usage-categories-for-a-specified-period\",\n\t\t\t\t\"parameters\": [\n\t\t\t\t\t{\n\t\t\t\t\t\t\"in\": \"path\",\n\t\t\t\t\t\t\"name\": \"AccountSid\",\n\t\t\t\t\t\t\"type\": \"string\"\n\t\t\t\t\t},\n\t\t\t\t\t{\n\t\t\t\t\t\t\"in\": \"path\",\n\t\t\t\t\t\t\"name\": \"mediaTypeExtension\",\n\t\t\t\t\t\t\"description\": \"By default, Twilios REST API returns XML. You may obtain CSV, JSON or HTML by appending .csv, .json, or .html.n\",\n\t\t\t\t\t\t\"type\": \"string\"\n\t\t\t\t\t},\n\t\t\t\t\t{\n\t\t\t\t\t\t\"in\": \"path\",\n\t\t\t\t\t\t\"name\": \"Subresource\",\n\t\t\t\t\t\t\"description\": \"|Subresource|Description|n|---|---|n|Daily|Return multiple UsageRecords for each usage category, each representing usage over a daily time-interval.|n|Monthly|Return multiple UsageRecords for each usage category, each representing usage over a monthly time-interval.|n|Yearly|Return multple UsageRecords for each usage category, each representing usage over a yearly time-interval.|n|AllTime|  Return a single UsageRecord for each usage category, each representing usage over the date-range specified. This is the same as the root /Usage/Records.|n|Today|Return a single UsageRecord per usage category, for todays usage only.|n||Yesterday|Return a single UsageRecord per usage category, for yesterdays usage only.|n|ThisMonth|Return a single UsageRecord per usage category, for this months usage only.|n|LastMonth|Return a single UsageRecord per usage category, for last months usage only.|n\",\n\t\t\t\t\t\t\"type\": \"string\"\n\t\t\t\t\t}\n\t\t\t\t],\n\t\t\t\t\"responses\": {\n\t\t\t\t\t\"200\": {\n\t\t\t\t\t\t\"description\": \"OK\"\n\t\t\t\t\t}\n\t\t\t\t},\n\t\t\t\t\"tags\": [\n\t\t\t\t\t\"Usage\"\n\t\t\t\t]\n\t\t\t}\n\t\t},\n\t\t\"/Accounts/{AccountSid}/Usage/Records{mediaTypeExtension}\": {\n\t\t\t\"get\": {\n\t\t\t\t\"summary\": \"Get Account Usage Record\",\n\t\t\t\t\"description\": \"Returns UsageRecords for all usage categories. The list includes pagingninformation.nBy default, the UsageRecords resource will return one UsageRecord forneach Category, representing all usage accrued all-time for the account.nYou can filter the usage Category or change the date-range over which usagenis counted using optional GET query parameters.n\",\n\t\t\t\t\"operationId\": \"returns-usagerecords-for-all-usage-categories-the-list-includes-paginginformationby-default-the-usag\",\n\t\t\t\t\"parameters\": [\n\t\t\t\t\t{\n\t\t\t\t\t\t\"in\": \"path\",\n\t\t\t\t\t\t\"name\": \"AccountSid\",\n\t\t\t\t\t\t\"type\": \"string\"\n\t\t\t\t\t},\n\t\t\t\t\t{\n\t\t\t\t\t\t\"in\": \"path\",\n\t\t\t\t\t\t\"name\": \"mediaTypeExtension\",\n\t\t\t\t\t\t\"description\": \"By default, Twilios REST API returns XML. You may obtain CSV, JSON or HTML by appending .csv, .json, or .html.n\",\n\t\t\t\t\t\t\"type\": \"string\"\n\t\t\t\t\t}\n\t\t\t\t],\n\t\t\t\t\"responses\": {\n\t\t\t\t\t\"200\": {\n\t\t\t\t\t\t\"description\": \"OK\"\n\t\t\t\t\t}\n\t\t\t\t},\n\t\t\t\t\"tags\": [\n\t\t\t\t\t\"Usage\"\n\t\t\t\t]\n\t\t\t}\n\t\t},\n\t\t\"/Accounts/{AccountSid}/Usage/Triggers/{UsageTriggerSid}{mediaTypeExtension}\": {\n\t\t\t\"delete\": {\n\t\t\t\t\"summary\": \"Delete Account Usage Trigger\",\n\t\t\t\t\"description\": \"Delete this UsageTrigger.\",\n\t\t\t\t\"operationId\": \"delete-this-usagetrigger\",\n\t\t\t\t\"parameters\": [\n\t\t\t\t\t{\n\t\t\t\t\t\t\"in\": \"path\",\n\t\t\t\t\t\t\"name\": \"AccountSid\",\n\t\t\t\t\t\t\"type\": \"string\"\n\t\t\t\t\t},\n\t\t\t\t\t{\n\t\t\t\t\t\t\"in\": \"path\",\n\t\t\t\t\t\t\"name\": \"mediaTypeExtension\",\n\t\t\t\t\t\t\"description\": \"By default, Twilios REST API returns XML. You may obtain CSV, JSON or HTML by appending .csv, .json, or .html.n\",\n\t\t\t\t\t\t\"type\": \"string\"\n\t\t\t\t\t},\n\t\t\t\t\t{\n\t\t\t\t\t\t\"in\": \"path\",\n\t\t\t\t\t\t\"name\": \"UsageTriggerSid\",\n\t\t\t\t\t\t\"type\": \"string\"\n\t\t\t\t\t}\n\t\t\t\t],\n\t\t\t\t\"responses\": {\n\t\t\t\t\t\"200\": {\n\t\t\t\t\t\t\"description\": \"OK\"\n\t\t\t\t\t}\n\t\t\t\t},\n\t\t\t\t\"tags\": [\n\t\t\t\t\t\"Usage\"\n\t\t\t\t]\n\t\t\t},\n\t\t\t\"get\": {\n\t\t\t\t\"summary\": \"Get Account Usage Trigger\",\n\t\t\t\t\"description\": \"Returns a repesentation of the UsageTrigger.\",\n\t\t\t\t\"operationId\": \"returns-a-repesentation-of-the-usagetrigger\",\n\t\t\t\t\"parameters\": [\n\t\t\t\t\t{\n\t\t\t\t\t\t\"in\": \"path\",\n\t\t\t\t\t\t\"name\": \"AccountSid\",\n\t\t\t\t\t\t\"type\": \"string\"\n\t\t\t\t\t},\n\t\t\t\t\t{\n\t\t\t\t\t\t\"in\": \"path\",\n\t\t\t\t\t\t\"name\": \"mediaTypeExtension\",\n\t\t\t\t\t\t\"description\": \"By default, Twilios REST API returns XML. You may obtain CSV, JSON or HTML by appending .csv, .json, or .html.n\",\n\t\t\t\t\t\t\"type\": \"string\"\n\t\t\t\t\t},\n\t\t\t\t\t{\n\t\t\t\t\t\t\"in\": \"path\",\n\t\t\t\t\t\t\"name\": \"UsageTriggerSid\",\n\t\t\t\t\t\t\"type\": \"string\"\n\t\t\t\t\t}\n\t\t\t\t],\n\t\t\t\t\"responses\": {\n\t\t\t\t\t\"200\": {\n\t\t\t\t\t\t\"description\": \"OK\"\n\t\t\t\t\t}\n\t\t\t\t},\n\t\t\t\t\"tags\": [\n\t\t\t\t\t\"Usage\"\n\t\t\t\t]\n\t\t\t},\n\t\t\t\"post\": {\n\t\t\t\t\"summary\": \"Add Account Usage Trigger\",\n\t\t\t\t\"description\": \"Tries to update the UsageTriggers properties, and returns the updatednresource representation if successful.n\",\n\t\t\t\t\"operationId\": \"tries-to-update-the-usagetriggers-properties-and-returns-the-updatedresource-representation-if-succe\",\n\t\t\t\t\"parameters\": [\n\t\t\t\t\t{\n\t\t\t\t\t\t\"in\": \"path\",\n\t\t\t\t\t\t\"name\": \"AccountSid\",\n\t\t\t\t\t\t\"type\": \"string\"\n\t\t\t\t\t},\n\t\t\t\t\t{\n\t\t\t\t\t\t\"in\": \"path\",\n\t\t\t\t\t\t\"name\": \"mediaTypeExtension\",\n\t\t\t\t\t\t\"description\": \"By default, Twilios REST API returns XML. You may obtain CSV, JSON or HTML by appending .csv, .json, or .html.n\",\n\t\t\t\t\t\t\"type\": \"string\"\n\t\t\t\t\t},\n\t\t\t\t\t{\n\t\t\t\t\t\t\"in\": \"path\",\n\t\t\t\t\t\t\"name\": \"UsageTriggerSid\",\n\t\t\t\t\t\t\"type\": \"string\"\n\t\t\t\t\t}\n\t\t\t\t],\n\t\t\t\t\"responses\": {\n\t\t\t\t\t\"200\": {\n\t\t\t\t\t\t\"description\": \"OK\"\n\t\t\t\t\t}\n\t\t\t\t},\n\t\t\t\t\"tags\": [\n\t\t\t\t\t\"Usage\"\n\t\t\t\t]\n\t\t\t}\n\t\t},\n\t\t\"/Accounts/{AccountSid}/Usage/Triggers{mediaTypeExtension}\": {\n\t\t\t\"get\": {\n\t\t\t\t\"summary\": \"Get Account Usage Triggers\",\n\t\t\t\t\"description\": \"Returns a list of UsageTrigger resource representations. The list includesnpaging information.nBy default, all UsageTriggers are returned. You can filter the list bynspecifying one or more query parameters. Note that the query parameters arencase-sensitiven\",\n\t\t\t\t\"operationId\": \"returns-a-list-of-usagetrigger-resource-representations-the-list-includespaging-informationby-defaul\",\n\t\t\t\t\"parameters\": [\n\t\t\t\t\t{\n\t\t\t\t\t\t\"in\": \"path\",\n\t\t\t\t\t\t\"name\": \"AccountSid\",\n\t\t\t\t\t\t\"type\": \"string\"\n\t\t\t\t\t},\n\t\t\t\t\t{\n\t\t\t\t\t\t\"in\": \"path\",\n\t\t\t\t\t\t\"name\": \"mediaTypeExtension\",\n\t\t\t\t\t\t\"description\": \"By default, Twilios REST API returns XML. You may obtain CSV, JSON or HTML by appending .csv, .json, or .html.n\",\n\t\t\t\t\t\t\"type\": \"string\"\n\t\t\t\t\t}\n\t\t\t\t],\n\t\t\t\t\"responses\": {\n\t\t\t\t\t\"200\": {\n\t\t\t\t\t\t\"description\": \"OK\",\n\t\t\t\t\t\t\"type\": \"string\"\n\t\t\t\t\t}\n\t\t\t\t},\n\t\t\t\t\"tags\": [\n\t\t\t\t\t\"Usage\"\n\t\t\t\t]\n\t\t\t},\n\t\t\t\"post\": {\n\t\t\t\t\"summary\": \"Add Account Usage Triggers\",\n\t\t\t\t\"description\": \"Creates a new UsageTrigger. Each account can create up to 1,000 UsageTriggers.nCurrently, UsageTriggers that are no longer active are not deleted automatically.nUse DELETE to delete triggers you no longer need.n\",\n\t\t\t\t\"operationId\": \"creates-a-new-usagetrigger-each-account-can-create-up-to-1000-usagetriggerscurrently-usagetriggers-t\",\n\t\t\t\t\"parameters\": [\n\t\t\t\t\t{\n\t\t\t\t\t\t\"in\": \"path\",\n\t\t\t\t\t\t\"name\": \"AccountSid\",\n\t\t\t\t\t\t\"type\": \"string\"\n\t\t\t\t\t},\n\t\t\t\t\t{\n\t\t\t\t\t\t\"in\": \"path\",\n\t\t\t\t\t\t\"name\": \"mediaTypeExtension\",\n\t\t\t\t\t\t\"description\": \"By default, Twilios REST API returns XML. You may obtain CSV, JSON or HTML by appending .csv, .json, or .html.n\",\n\t\t\t\t\t\t\"type\": \"string\"\n\t\t\t\t\t}\n\t\t\t\t],\n\t\t\t\t\"responses\": {\n\t\t\t\t\t\"200\": {\n\t\t\t\t\t\t\"description\": \"OK\"\n\t\t\t\t\t}\n\t\t\t\t},\n\t\t\t\t\"tags\": [\n\t\t\t\t\t\"Usage\"\n\t\t\t\t]\n\t\t\t}\n\t\t}\n\t},\n\t\"definitions\": []\n}","created_date":"2016-08-19 13:50:15","last_modified_date":"2016-08-19 13:50:15"}]}]