[{"id":7,"name":"mapquest_geocoding","label":"MapQuest Geocoding","description":"A service for forward, reverse, and batch geocoding","is_active":true,"type":"rws","mutable":true,"deletable":true,"created_date":"2016-08-19 18:28:14","last_modified_date":"2016-08-23 13:48:38","created_by_id":"1","last_modified_by_id":"1","config":{"service_id":7,"base_url":"http://www.mapquestapi.com/geocoding/v1","options":null,"parameters":null,"headers":[],"cache_enabled":false,"cache_ttl":0},"service_doc_by_service_id":[{"id":1,"service_id":7,"format":0,"content":"{\n\t\"swagger\": \"2.0\",\n\t\"info\": {\n\t\t\"description\": \"Services for forward and reverse geocoding\",\n\t\t\"version\": \"v1\",\n\t\t\"title\": \"MapQuest Geocoding API\"\n\t},\n\t\"schemes\": [\n\t\t\"http\"\n\t],\n\t\"produces\": [\n\t\t\"application/json\"\n\t],\n\t\"paths\": {\n\t\t\"/address\": {\n\t\t\t\"get\": {\n\t\t\t\t\"tags\": [\n\t\t\t\t\t\"Address\"\n\t\t\t\t],\n\t\t\t\t\"summary\": \"Address Geocode\",\n\t\t\t\t\"description\": \"The address geocoding service enables you to take an address and get the associated latitude and longitude.\",\n\t\t\t\t\"parameters\": [\n\t\t\t\t\t{\n\t\t\t\t\t\t\"name\": \"key\",\n\t\t\t\t\t\t\"in\": \"query\",\n\t\t\t\t\t\t\"description\": \"The Application Key, which is needed to make requests to MapQuest services.\",\n\t\t\t\t\t\t\"required\": false,\n\t\t\t\t\t\t\"type\": \"string\"\n\t\t\t\t\t},\n\t\t\t\t\t{\n\t\t\t\t\t\t\"name\": \"location\",\n\t\t\t\t\t\t\"in\": \"query\",\n\t\t\t\t\t\t\"description\": \"The location to geocode\",\n\t\t\t\t\t\t\"required\": true,\n\t\t\t\t\t\t\"type\": \"string\"\n\t\t\t\t\t},\n\t\t\t\t\t{\n\t\t\t\t\t\t\"name\": \"boundingBox\",\n\t\t\t\t\t\t\"in\": \"query\",\n\t\t\t\t\t\t\"description\": \"When using batch geocoding or when ambiguous results are returned, any results within the provided bounding box will be moved to the top of the results list. Bounding box format is: upper left latitude, upper left longitude, lower right latitude, lower right longitude.\",\n\t\t\t\t\t\t\"required\": false,\n\t\t\t\t\t\t\"type\": \"string\"\n\t\t\t\t\t},\n\t\t\t\t\t{\n\t\t\t\t\t\t\"name\": \"ignoreLatLngInput\",\n\t\t\t\t\t\t\"in\": \"query\",\n\t\t\t\t\t\t\"description\": \"This option tells the service whether it should fail when given a latitude/longitude pair in an address or batch geocode call, or if it should ignore that and try and geocode what it can. Default = false.\",\n\t\t\t\t\t\t\"required\": false,\n\t\t\t\t\t\t\"type\": \"boolean\"\n\t\t\t\t\t},\n\t\t\t\t\t{\n\t\t\t\t\t\t\"name\": \"thumbMaps\",\n\t\t\t\t\t\t\"in\": \"query\",\n\t\t\t\t\t\t\"description\": \"This parameter tells the service whether it should return a URL to a static map thumbnail image for a location being geocoded. Default = true.\",\n\t\t\t\t\t\t\"required\": false,\n\t\t\t\t\t\t\"type\": \"boolean\"\n\t\t\t\t\t},\n\t\t\t\t\t{\n\t\t\t\t\t\t\"name\": \"maxResults\",\n\t\t\t\t\t\t\"in\": \"query\",\n\t\t\t\t\t\t\"description\": \"The max number of locations to return from the batch geocode\",\n\t\t\t\t\t\t\"required\": false,\n\t\t\t\t\t\t\"type\": \"integer\"\n\t\t\t\t\t},\n\t\t\t\t\t{\n\t\t\t\t\t\t\"name\": \"outFormat\",\n\t\t\t\t\t\t\"in\": \"query\",\n\t\t\t\t\t\t\"description\": \"Specifies the format of the response. Defaults to json if not supplied\",\n\t\t\t\t\t\t\"required\": false,\n\t\t\t\t\t\t\"type\": \"string\",\n\t\t\t\t\t\t\"enum\": [\n\t\t\t\t\t\t\t\"json\",\n\t\t\t\t\t\t\t\"xml\",\n\t\t\t\t\t\t\t\"csv\"\n\t\t\t\t\t\t]\n\t\t\t\t\t},\n\t\t\t\t\t{\n\t\t\t\t\t\t\"name\": \"delimiter\",\n\t\t\t\t\t\t\"in\": \"query\",\n\t\t\t\t\t\t\"description\": \"Specifies the delimiter used in the csv response. Default is none. This option will only have an effect if outFormat=csv.\",\n\t\t\t\t\t\t\"required\": false,\n\t\t\t\t\t\t\"type\": \"string\",\n\t\t\t\t\t\t\"enum\": [\n\t\t\t\t\t\t\t\"Comma\",\n\t\t\t\t\t\t\t\"Pipe\",\n\t\t\t\t\t\t\t\"Colon\",\n\t\t\t\t\t\t\t\"Semicolon\"\n\t\t\t\t\t\t]\n\t\t\t\t\t},\n\t\t\t\t\t{\n\t\t\t\t\t\t\"name\": \"intlMode\",\n\t\t\t\t\t\t\"in\": \"query\",\n\t\t\t\t\t\t\"description\": \"Allows users of the International Geocoder to tell MapQuest how to handle a 5-box geocode. Default = AUTO.\",\n\t\t\t\t\t\t\"required\": false,\n\t\t\t\t\t\t\"type\": \"string\",\n\t\t\t\t\t\t\"enum\": [\n\t\t\t\t\t\t\t\"5BOX\",\n\t\t\t\t\t\t\t\"1BOX\",\n\t\t\t\t\t\t\t\"AUTO\"\n\t\t\t\t\t\t]\n\t\t\t\t\t},\n\t\t\t\t\t{\n\t\t\t\t\t\t\"name\": \"callback\",\n\t\t\t\t\t\t\"in\": \"query\",\n\t\t\t\t\t\t\"description\": \"A JavaScript function name. The JSON-formatted response will be wrapped in a call to the supplied callback function name to provide JSONP functionality. This functionality might be needed to do cross-site scripting. See the Wikipedia.org entry for JSON for more details.\",\n\t\t\t\t\t\t\"required\": false,\n\t\t\t\t\t\t\"type\": \"string\"\n\t\t\t\t\t}\n\t\t\t\t],\n\t\t\t\t\"responses\": {\n\t\t\t\t\t\"200\": {\n\t\t\t\t\t\t\"description\": \"Response\",\n\t\t\t\t\t\t\"schema\": {\n\t\t\t\t\t\t\t\"$ref\": \"#/definitions/AddressResponse\"\n\t\t\t\t\t\t}\n\t\t\t\t\t}\n\t\t\t\t}\n\t\t\t},\n\t\t\t\"post\": {\n\t\t\t\t\"tags\": [\n\t\t\t\t\t\"Address\"\n\t\t\t\t],\n\t\t\t\t\"summary\": \"Address Geocode\",\n\t\t\t\t\"description\": \"The address geocoding service enables you to take an address and get the associated latitude and longitude.\",\n\t\t\t\t\"parameters\": [\n\t\t\t\t\t{\n\t\t\t\t\t\t\"name\": \"key\",\n\t\t\t\t\t\t\"in\": \"query\",\n\t\t\t\t\t\t\"description\": \"The Application Key, which is needed to make requests to MapQuest services.\",\n\t\t\t\t\t\t\"required\": false,\n\t\t\t\t\t\t\"type\": \"string\"\n\t\t\t\t\t},\n\t\t\t\t\t{\n\t\t\t\t\t\t\"name\": \"outFormat\",\n\t\t\t\t\t\t\"in\": \"query\",\n\t\t\t\t\t\t\"description\": \"Specifies the format of the response. Defaults to json if not supplied\",\n\t\t\t\t\t\t\"required\": false,\n\t\t\t\t\t\t\"type\": \"string\",\n\t\t\t\t\t\t\"enum\": [\n\t\t\t\t\t\t\t\"json\",\n\t\t\t\t\t\t\t\"xml\",\n\t\t\t\t\t\t\t\"csv\"\n\t\t\t\t\t\t]\n\t\t\t\t\t},\n\t\t\t\t\t{\n\t\t\t\t\t\t\"name\": \"callback\",\n\t\t\t\t\t\t\"in\": \"query\",\n\t\t\t\t\t\t\"description\": \"A JavaScript function name. The JSON-formatted response will be wrapped in a call to the supplied callback function name to provide JSONP functionality. This functionality might be needed to do cross-site scripting. See the Wikipedia.org entry for JSON for more details.\",\n\t\t\t\t\t\t\"required\": false,\n\t\t\t\t\t\t\"type\": \"string\"\n\t\t\t\t\t},\n\t\t\t\t\t{\n\t\t\t\t\t\t\"in\": \"body\",\n\t\t\t\t\t\t\"name\": \"body\",\n\t\t\t\t\t\t\"description\": \"The location to geocode\",\n\t\t\t\t\t\t\"required\": true,\n\t\t\t\t\t\t\"schema\": {\n\t\t\t\t\t\t\t\"$ref\": \"#/definitions/AddressRequestBody\"\n\t\t\t\t\t\t}\n\t\t\t\t\t}\n\t\t\t\t],\n\t\t\t\t\"responses\": {\n\t\t\t\t\t\"200\": {\n\t\t\t\t\t\t\"description\": \"Response\",\n\t\t\t\t\t\t\"schema\": {\n\t\t\t\t\t\t\t\"$ref\": \"#/definitions/AddressResponse\"\n\t\t\t\t\t\t}\n\t\t\t\t\t}\n\t\t\t\t}\n\t\t\t}\n\t\t},\n\t\t\"/batch\": {\n\t\t\t\"get\": {\n\t\t\t\t\"tags\": [\n\t\t\t\t\t\"Batch\"\n\t\t\t\t],\n\t\t\t\t\"summary\": \"Batch Geocode\",\n\t\t\t\t\"description\": \"The batch geocoding service allows multiple locations to be geocoded at the same time.\",\n\t\t\t\t\"parameters\": [\n\t\t\t\t\t{\n\t\t\t\t\t\t\"name\": \"key\",\n\t\t\t\t\t\t\"in\": \"query\",\n\t\t\t\t\t\t\"description\": \"The Application Key, which is needed to make requests to MapQuest services.\",\n\t\t\t\t\t\t\"required\": false,\n\t\t\t\t\t\t\"type\": \"string\"\n\t\t\t\t\t},\n\t\t\t\t\t{\n\t\t\t\t\t\t\"name\": \"location\",\n\t\t\t\t\t\t\"in\": \"query\",\n\t\t\t\t\t\t\"description\": \"The location to geocode. A limit of 100 locations exists for one call.\",\n\t\t\t\t\t\t\"required\": true,\n\t\t\t\t\t\t\"type\": \"array\",\n\t\t\t\t\t\t\"items\": {\n\t\t\t\t\t\t\t\"type\": \"string\"\n\t\t\t\t\t\t},\n\t\t\t\t\t\t\"collectionFormat\": \"multi\"\n\t\t\t\t\t},\n\t\t\t\t\t{\n\t\t\t\t\t\t\"name\": \"boundingBox\",\n\t\t\t\t\t\t\"in\": \"query\",\n\t\t\t\t\t\t\"description\": \"When using batch geocoding or when ambiguous results are returned, any results within the provided bounding box will be moved to the top of the results list. Bounding box format is: upper left latitude, upper left longitude, lower right latitude, lower right longitude.\",\n\t\t\t\t\t\t\"required\": false,\n\t\t\t\t\t\t\"type\": \"string\"\n\t\t\t\t\t},\n\t\t\t\t\t{\n\t\t\t\t\t\t\"name\": \"ignoreLatLngInput\",\n\t\t\t\t\t\t\"in\": \"query\",\n\t\t\t\t\t\t\"description\": \"This option tells the service whether it should fail when given a latitude/longitude pair in an address or batch geocode call, or if it should ignore that and try and geocode what it can. Default = false.\",\n\t\t\t\t\t\t\"required\": false,\n\t\t\t\t\t\t\"type\": \"boolean\"\n\t\t\t\t\t},\n\t\t\t\t\t{\n\t\t\t\t\t\t\"name\": \"thumbMaps\",\n\t\t\t\t\t\t\"in\": \"query\",\n\t\t\t\t\t\t\"description\": \"This parameter tells the service whether it should return a URL to a static map thumbnail image for a location being geocoded. Default = true.\",\n\t\t\t\t\t\t\"required\": false,\n\t\t\t\t\t\t\"type\": \"boolean\"\n\t\t\t\t\t},\n\t\t\t\t\t{\n\t\t\t\t\t\t\"name\": \"maxResults\",\n\t\t\t\t\t\t\"in\": \"query\",\n\t\t\t\t\t\t\"description\": \"The max number of locations to return from the batch geocode\",\n\t\t\t\t\t\t\"required\": false,\n\t\t\t\t\t\t\"type\": \"integer\"\n\t\t\t\t\t},\n\t\t\t\t\t{\n\t\t\t\t\t\t\"name\": \"outFormat\",\n\t\t\t\t\t\t\"in\": \"query\",\n\t\t\t\t\t\t\"description\": \"Specifies the format of the response. Defaults to json if not supplied\",\n\t\t\t\t\t\t\"required\": false,\n\t\t\t\t\t\t\"type\": \"string\",\n\t\t\t\t\t\t\"enum\": [\n\t\t\t\t\t\t\t\"json\",\n\t\t\t\t\t\t\t\"xml\",\n\t\t\t\t\t\t\t\"csv\"\n\t\t\t\t\t\t]\n\t\t\t\t\t},\n\t\t\t\t\t{\n\t\t\t\t\t\t\"name\": \"delimiter\",\n\t\t\t\t\t\t\"in\": \"query\",\n\t\t\t\t\t\t\"description\": \"Specifies the delimiter used in the csv response. Default is none. This option will only have an effect if outFormat=csv.\",\n\t\t\t\t\t\t\"required\": false,\n\t\t\t\t\t\t\"type\": \"string\",\n\t\t\t\t\t\t\"enum\": [\n\t\t\t\t\t\t\t\"Comma\",\n\t\t\t\t\t\t\t\"Pipe\",\n\t\t\t\t\t\t\t\"Colon\",\n\t\t\t\t\t\t\t\"Semicolon\"\n\t\t\t\t\t\t]\n\t\t\t\t\t},\n\t\t\t\t\t{\n\t\t\t\t\t\t\"name\": \"callback\",\n\t\t\t\t\t\t\"in\": \"query\",\n\t\t\t\t\t\t\"description\": \"A JavaScript function name. The JSON-formatted response will be wrapped in a call to the supplied callback function name to provide JSONP functionality. This functionality might be needed to do cross-site scripting. See the Wikipedia.org entry for JSON for more details.\",\n\t\t\t\t\t\t\"required\": false,\n\t\t\t\t\t\t\"type\": \"string\"\n\t\t\t\t\t}\n\t\t\t\t],\n\t\t\t\t\"responses\": {\n\t\t\t\t\t\"200\": {\n\t\t\t\t\t\t\"description\": \"Response\",\n\t\t\t\t\t\t\"schema\": {\n\t\t\t\t\t\t\t\"$ref\": \"#/definitions/AddressResponse\"\n\t\t\t\t\t\t}\n\t\t\t\t\t}\n\t\t\t\t}\n\t\t\t},\n\t\t\t\"post\": {\n\t\t\t\t\"tags\": [\n\t\t\t\t\t\"Batch\"\n\t\t\t\t],\n\t\t\t\t\"summary\": \"Batch Geocode\",\n\t\t\t\t\"description\": \"The batch geocoding service allows multiple locations to be geocoded at the same time.\",\n\t\t\t\t\"parameters\": [\n\t\t\t\t\t{\n\t\t\t\t\t\t\"name\": \"key\",\n\t\t\t\t\t\t\"in\": \"query\",\n\t\t\t\t\t\t\"description\": \"The Application Key, which is needed to make requests to MapQuest services.\",\n\t\t\t\t\t\t\"required\": false,\n\t\t\t\t\t\t\"type\": \"string\"\n\t\t\t\t\t},\n\t\t\t\t\t{\n\t\t\t\t\t\t\"name\": \"boundingBox\",\n\t\t\t\t\t\t\"in\": \"query\",\n\t\t\t\t\t\t\"description\": \"When using batch geocoding or when ambiguous results are returned, any results within the provided bounding box will be moved to the top of the results list. Bounding box format is: upper left latitude, upper left longitude, lower right latitude, lower right longitude.\",\n\t\t\t\t\t\t\"required\": false,\n\t\t\t\t\t\t\"type\": \"string\"\n\t\t\t\t\t},\n\t\t\t\t\t{\n\t\t\t\t\t\t\"name\": \"outFormat\",\n\t\t\t\t\t\t\"in\": \"query\",\n\t\t\t\t\t\t\"description\": \"Specifies the format of the response. Defaults to json if not supplied\",\n\t\t\t\t\t\t\"required\": false,\n\t\t\t\t\t\t\"type\": \"string\",\n\t\t\t\t\t\t\"enum\": [\n\t\t\t\t\t\t\t\"json\",\n\t\t\t\t\t\t\t\"xml\",\n\t\t\t\t\t\t\t\"csv\"\n\t\t\t\t\t\t]\n\t\t\t\t\t},\n\t\t\t\t\t{\n\t\t\t\t\t\t\"name\": \"callback\",\n\t\t\t\t\t\t\"in\": \"query\",\n\t\t\t\t\t\t\"description\": \"A JavaScript function name. The JSON-formatted response will be wrapped in a call to the supplied callback function name to provide JSONP functionality. This functionality might be needed to do cross-site scripting. See the Wikipedia.org entry for JSON for more details.\",\n\t\t\t\t\t\t\"required\": false,\n\t\t\t\t\t\t\"type\": \"string\"\n\t\t\t\t\t},\n\t\t\t\t\t{\n\t\t\t\t\t\t\"in\": \"body\",\n\t\t\t\t\t\t\"name\": \"body\",\n\t\t\t\t\t\t\"description\": \"The list of locations to geocode\",\n\t\t\t\t\t\t\"required\": true,\n\t\t\t\t\t\t\"schema\": {\n\t\t\t\t\t\t\t\"$ref\": \"#/definitions/BatchRequestBody\"\n\t\t\t\t\t\t}\n\t\t\t\t\t}\n\t\t\t\t],\n\t\t\t\t\"responses\": {\n\t\t\t\t\t\"200\": {\n\t\t\t\t\t\t\"description\": \"Response\",\n\t\t\t\t\t\t\"schema\": {\n\t\t\t\t\t\t\t\"$ref\": \"#/definitions/AddressResponse\"\n\t\t\t\t\t\t}\n\t\t\t\t\t}\n\t\t\t\t}\n\t\t\t}\n\t\t},\n\t\t\"/reverse\": {\n\t\t\t\"get\": {\n\t\t\t\t\"tags\": [\n\t\t\t\t\t\"Reverse\"\n\t\t\t\t],\n\t\t\t\t\"summary\": \"Reverse Geocode\",\n\t\t\t\t\"description\": \"The reverse geocoding service allows a latitude and longitude to be converted to a location.\",\n\t\t\t\t\"parameters\": [\n\t\t\t\t\t{\n\t\t\t\t\t\t\"name\": \"key\",\n\t\t\t\t\t\t\"in\": \"query\",\n\t\t\t\t\t\t\"description\": \"The Application Key, which is needed to make requests to MapQuest services.\",\n\t\t\t\t\t\t\"required\": false,\n\t\t\t\t\t\t\"type\": \"string\"\n\t\t\t\t\t},\n\t\t\t\t\t{\n\t\t\t\t\t\t\"name\": \"location\",\n\t\t\t\t\t\t\"in\": \"query\",\n\t\t\t\t\t\t\"description\": \"The latitude,longitude of the point to reverse geocode\",\n\t\t\t\t\t\t\"required\": true,\n\t\t\t\t\t\t\"type\": \"string\"\n\t\t\t\t\t},\n\t\t\t\t\t{\n\t\t\t\t\t\t\"name\": \"thumbMaps\",\n\t\t\t\t\t\t\"in\": \"query\",\n\t\t\t\t\t\t\"description\": \"This parameter tells the service whether it should return a URL to a static map thumbnail image for a location being geocoded. Default = true.\",\n\t\t\t\t\t\t\"required\": false,\n\t\t\t\t\t\t\"type\": \"boolean\"\n\t\t\t\t\t},\n\t\t\t\t\t{\n\t\t\t\t\t\t\"name\": \"outFormat\",\n\t\t\t\t\t\t\"in\": \"query\",\n\t\t\t\t\t\t\"description\": \"Specifies the format of the response. Defaults to json if not supplied\",\n\t\t\t\t\t\t\"required\": false,\n\t\t\t\t\t\t\"type\": \"string\",\n\t\t\t\t\t\t\"enum\": [\n\t\t\t\t\t\t\t\"json\",\n\t\t\t\t\t\t\t\"xml\",\n\t\t\t\t\t\t\t\"csv\"\n\t\t\t\t\t\t]\n\t\t\t\t\t},\n\t\t\t\t\t{\n\t\t\t\t\t\t\"name\": \"delimiter\",\n\t\t\t\t\t\t\"in\": \"query\",\n\t\t\t\t\t\t\"description\": \"Specifies the delimiter used in the csv response. Default is none. This option will only have an effect if outFormat=csv.\",\n\t\t\t\t\t\t\"required\": false,\n\t\t\t\t\t\t\"type\": \"string\",\n\t\t\t\t\t\t\"enum\": [\n\t\t\t\t\t\t\t\"Comma\",\n\t\t\t\t\t\t\t\"Pipe\",\n\t\t\t\t\t\t\t\"Colon\",\n\t\t\t\t\t\t\t\"Semicolon\"\n\t\t\t\t\t\t]\n\t\t\t\t\t},\n\t\t\t\t\t{\n\t\t\t\t\t\t\"name\": \"callback\",\n\t\t\t\t\t\t\"in\": \"query\",\n\t\t\t\t\t\t\"description\": \"A JavaScript function name. The JSON-formatted response will be wrapped in a call to the supplied callback function name to provide JSONP functionality. This functionality might be needed to do cross-site scripting. See the Wikipedia.org entry for JSON for more details.\",\n\t\t\t\t\t\t\"required\": false,\n\t\t\t\t\t\t\"type\": \"string\"\n\t\t\t\t\t}\n\t\t\t\t],\n\t\t\t\t\"responses\": {\n\t\t\t\t\t\"200\": {\n\t\t\t\t\t\t\"description\": \"Response\",\n\t\t\t\t\t\t\"schema\": {\n\t\t\t\t\t\t\t\"$ref\": \"#/definitions/ReverseResponse\"\n\t\t\t\t\t\t}\n\t\t\t\t\t}\n\t\t\t\t}\n\t\t\t},\n\t\t\t\"post\": {\n\t\t\t\t\"tags\": [\n\t\t\t\t\t\"Reverse\"\n\t\t\t\t],\n\t\t\t\t\"summary\": \"Reverse Geocode\",\n\t\t\t\t\"description\": \"The reverse geocoding service allows a latitude and longitude to be converted to a location.\",\n\t\t\t\t\"parameters\": [\n\t\t\t\t\t{\n\t\t\t\t\t\t\"name\": \"key\",\n\t\t\t\t\t\t\"in\": \"query\",\n\t\t\t\t\t\t\"description\": \"The Application Key, which is needed to make requests to MapQuest services.\",\n\t\t\t\t\t\t\"required\": false,\n\t\t\t\t\t\t\"type\": \"string\"\n\t\t\t\t\t},\n\t\t\t\t\t{\n\t\t\t\t\t\t\"name\": \"outFormat\",\n\t\t\t\t\t\t\"in\": \"query\",\n\t\t\t\t\t\t\"description\": \"Specifies the format of the response. Defaults to json if not supplied\",\n\t\t\t\t\t\t\"required\": false,\n\t\t\t\t\t\t\"type\": \"string\",\n\t\t\t\t\t\t\"enum\": [\n\t\t\t\t\t\t\t\"json\",\n\t\t\t\t\t\t\t\"xml\",\n\t\t\t\t\t\t\t\"csv\"\n\t\t\t\t\t\t]\n\t\t\t\t\t},\n\t\t\t\t\t{\n\t\t\t\t\t\t\"name\": \"callback\",\n\t\t\t\t\t\t\"in\": \"query\",\n\t\t\t\t\t\t\"description\": \"A JavaScript function name. The JSON-formatted response will be wrapped in a call to the supplied callback function name to provide JSONP functionality. This functionality might be needed to do cross-site scripting. See the Wikipedia.org entry for JSON for more details.\",\n\t\t\t\t\t\t\"required\": false,\n\t\t\t\t\t\t\"type\": \"string\"\n\t\t\t\t\t},\n\t\t\t\t\t{\n\t\t\t\t\t\t\"in\": \"body\",\n\t\t\t\t\t\t\"name\": \"body\",\n\t\t\t\t\t\t\"description\": \"The latitude,longitude of the point to reverse geocode\",\n\t\t\t\t\t\t\"required\": true,\n\t\t\t\t\t\t\"schema\": {\n\t\t\t\t\t\t\t\"$ref\": \"#/definitions/ReverseRequestBody\"\n\t\t\t\t\t\t}\n\t\t\t\t\t}\n\t\t\t\t],\n\t\t\t\t\"responses\": {\n\t\t\t\t\t\"200\": {\n\t\t\t\t\t\t\"description\": \"Response\",\n\t\t\t\t\t\t\"schema\": {\n\t\t\t\t\t\t\t\"$ref\": \"#/definitions/ReverseResponse\"\n\t\t\t\t\t\t}\n\t\t\t\t\t}\n\t\t\t\t}\n\t\t\t}\n\t\t}\n\t},\n\t\"definitions\": {\n\t\t\"ReverseResponse\": {\n\t\t\t\"type\": \"object\",\n\t\t\t\"properties\": {\n\t\t\t\t\"info\": {\n\t\t\t\t\t\"$ref\": \"#/definitions/ReverseResponse_info\"\n\t\t\t\t},\n\t\t\t\t\"options\": {\n\t\t\t\t\t\"$ref\": \"#/definitions/ReverseResponse_options\"\n\t\t\t\t},\n\t\t\t\t\"results\": {\n\t\t\t\t\t\"type\": \"array\",\n\t\t\t\t\t\"items\": {\n\t\t\t\t\t\t\"$ref\": \"#/definitions/ReverseResult\"\n\t\t\t\t\t}\n\t\t\t\t}\n\t\t\t}\n\t\t},\n\t\t\"ReverseResult\": {\n\t\t\t\"type\": \"object\",\n\t\t\t\"properties\": {\n\t\t\t\t\"providedLocation\": {\n\t\t\t\t\t\"$ref\": \"#/definitions/ReverseResult_providedLocation\"\n\t\t\t\t},\n\t\t\t\t\"locations\": {\n\t\t\t\t\t\"type\": \"array\",\n\t\t\t\t\t\"items\": {\n\t\t\t\t\t\t\"$ref\": \"#/definitions/Location\"\n\t\t\t\t\t}\n\t\t\t\t}\n\t\t\t}\n\t\t},\n\t\t\"AddressResponse\": {\n\t\t\t\"type\": \"object\",\n\t\t\t\"properties\": {\n\t\t\t\t\"info\": {\n\t\t\t\t\t\"$ref\": \"#/definitions/ReverseResponse_info\"\n\t\t\t\t},\n\t\t\t\t\"options\": {\n\t\t\t\t\t\"$ref\": \"#/definitions/ReverseResponse_options\"\n\t\t\t\t},\n\t\t\t\t\"results\": {\n\t\t\t\t\t\"type\": \"array\",\n\t\t\t\t\t\"items\": {\n\t\t\t\t\t\t\"$ref\": \"#/definitions/AddressResult\"\n\t\t\t\t\t}\n\t\t\t\t}\n\t\t\t}\n\t\t},\n\t\t\"AddressResult\": {\n\t\t\t\"type\": \"object\",\n\t\t\t\"properties\": {\n\t\t\t\t\"providedLocation\": {\n\t\t\t\t\t\"$ref\": \"#/definitions/AddressResult_providedLocation\"\n\t\t\t\t},\n\t\t\t\t\"locations\": {\n\t\t\t\t\t\"type\": \"array\",\n\t\t\t\t\t\"items\": {\n\t\t\t\t\t\t\"$ref\": \"#/definitions/Location\"\n\t\t\t\t\t}\n\t\t\t\t}\n\t\t\t}\n\t\t},\n\t\t\"Location\": {\n\t\t\t\"type\": \"object\",\n\t\t\t\"properties\": {\n\t\t\t\t\"street\": {\n\t\t\t\t\t\"type\": \"string\"\n\t\t\t\t},\n\t\t\t\t\"adminArea6\": {\n\t\t\t\t\t\"type\": \"string\"\n\t\t\t\t},\n\t\t\t\t\"adminArea6Type\": {\n\t\t\t\t\t\"type\": \"string\"\n\t\t\t\t},\n\t\t\t\t\"adminArea5\": {\n\t\t\t\t\t\"type\": \"string\"\n\t\t\t\t},\n\t\t\t\t\"adminArea5Type\": {\n\t\t\t\t\t\"type\": \"string\"\n\t\t\t\t},\n\t\t\t\t\"adminArea4\": {\n\t\t\t\t\t\"type\": \"string\"\n\t\t\t\t},\n\t\t\t\t\"adminArea4Type\": {\n\t\t\t\t\t\"type\": \"string\"\n\t\t\t\t},\n\t\t\t\t\"adminArea3\": {\n\t\t\t\t\t\"type\": \"string\"\n\t\t\t\t},\n\t\t\t\t\"adminArea3Type\": {\n\t\t\t\t\t\"type\": \"string\"\n\t\t\t\t},\n\t\t\t\t\"adminArea1\": {\n\t\t\t\t\t\"type\": \"string\"\n\t\t\t\t},\n\t\t\t\t\"adminArea1Type\": {\n\t\t\t\t\t\"type\": \"string\"\n\t\t\t\t},\n\t\t\t\t\"postalCode\": {\n\t\t\t\t\t\"type\": \"string\"\n\t\t\t\t},\n\t\t\t\t\"geocodeQualityCode\": {\n\t\t\t\t\t\"type\": \"string\"\n\t\t\t\t},\n\t\t\t\t\"geocodeQuality\": {\n\t\t\t\t\t\"type\": \"string\"\n\t\t\t\t},\n\t\t\t\t\"dragPoint\": {\n\t\t\t\t\t\"type\": \"boolean\"\n\t\t\t\t},\n\t\t\t\t\"sideOfStreet\": {\n\t\t\t\t\t\"type\": \"string\"\n\t\t\t\t},\n\t\t\t\t\"linkId\": {\n\t\t\t\t\t\"type\": \"string\"\n\t\t\t\t},\n\t\t\t\t\"unknownInput\": {\n\t\t\t\t\t\"type\": \"string\"\n\t\t\t\t},\n\t\t\t\t\"type\": {\n\t\t\t\t\t\"type\": \"string\"\n\t\t\t\t},\n\t\t\t\t\"latLng\": {\n\t\t\t\t\t\"$ref\": \"#/definitions/ReverseResult_providedLocation_latLng\"\n\t\t\t\t},\n\t\t\t\t\"displayLatLng\": {\n\t\t\t\t\t\"$ref\": \"#/definitions/ReverseResult_providedLocation_latLng\"\n\t\t\t\t},\n\t\t\t\t\"mapUrl\": {\n\t\t\t\t\t\"type\": \"string\"\n\t\t\t\t}\n\t\t\t}\n\t\t},\n\t\t\"AddressRequestBody\": {\n\t\t\t\"type\": \"object\",\n\t\t\t\"properties\": {\n\t\t\t\t\"location\": {\n\t\t\t\t\t\"type\": \"string\"\n\t\t\t\t},\n\t\t\t\t\"options\": {\n\t\t\t\t\t\"$ref\": \"#/definitions/AddressRequestBodyOptions\"\n\t\t\t\t}\n\t\t\t}\n\t\t},\n\t\t\"AddressRequestBodyOptions\": {\n\t\t\t\"type\": \"object\",\n\t\t\t\"properties\": {\n\t\t\t\t\"boundingBox\": {\n\t\t\t\t\t\"type\": \"string\"\n\t\t\t\t},\n\t\t\t\t\"ignoreLatLngInput\": {\n\t\t\t\t\t\"type\": \"boolean\"\n\t\t\t\t},\n\t\t\t\t\"thumbMaps\": {\n\t\t\t\t\t\"type\": \"boolean\"\n\t\t\t\t},\n\t\t\t\t\"maxResults\": {\n\t\t\t\t\t\"type\": \"integer\"\n\t\t\t\t},\n\t\t\t\t\"delimiter\": {\n\t\t\t\t\t\"type\": \"string\"\n\t\t\t\t},\n\t\t\t\t\"intlMode\": {\n\t\t\t\t\t\"type\": \"string\"\n\t\t\t\t}\n\t\t\t}\n\t\t},\n\t\t\"ReverseRequestBody\": {\n\t\t\t\"type\": \"object\",\n\t\t\t\"properties\": {\n\t\t\t\t\"location\": {\n\t\t\t\t\t\"$ref\": \"#/definitions/ReverseRequestBody_location\"\n\t\t\t\t}\n\t\t\t}\n\t\t},\n\t\t\"ReverseRequestBodyOptions\": {\n\t\t\t\"type\": \"object\",\n\t\t\t\"properties\": {\n\t\t\t\t\"thumbMaps\": {\n\t\t\t\t\t\"type\": \"boolean\"\n\t\t\t\t},\n\t\t\t\t\"delimiter\": {\n\t\t\t\t\t\"type\": \"string\"\n\t\t\t\t}\n\t\t\t}\n\t\t},\n\t\t\"BatchRequestBody\": {\n\t\t\t\"type\": \"object\",\n\t\t\t\"properties\": {\n\t\t\t\t\"locations\": {\n\t\t\t\t\t\"type\": \"array\",\n\t\t\t\t\t\"items\": {\n\t\t\t\t\t\t\"$ref\": \"#/definitions/BatchLocation\"\n\t\t\t\t\t}\n\t\t\t\t},\n\t\t\t\t\"options\": {\n\t\t\t\t\t\"$ref\": \"#/definitions/BatchRequestBodyOptions\"\n\t\t\t\t}\n\t\t\t}\n\t\t},\n\t\t\"BatchLocation\": {\n\t\t\t\"type\": \"object\",\n\t\t\t\"properties\": {\n\t\t\t\t\"city\": {\n\t\t\t\t\t\"type\": \"string\"\n\t\t\t\t},\n\t\t\t\t\"state\": {\n\t\t\t\t\t\"type\": \"string\"\n\t\t\t\t}\n\t\t\t}\n\t\t},\n\t\t\"BatchRequestBodyOptions\": {\n\t\t\t\"type\": \"object\",\n\t\t\t\"properties\": {\n\t\t\t\t\"ignoreLatLngInput\": {\n\t\t\t\t\t\"type\": \"boolean\"\n\t\t\t\t},\n\t\t\t\t\"thumbMaps\": {\n\t\t\t\t\t\"type\": \"boolean\"\n\t\t\t\t},\n\t\t\t\t\"maxResults\": {\n\t\t\t\t\t\"type\": \"integer\"\n\t\t\t\t},\n\t\t\t\t\"delimiter\": {\n\t\t\t\t\t\"type\": \"string\"\n\t\t\t\t}\n\t\t\t}\n\t\t},\n\t\t\"ReverseResponse_info_copyright\": {\n\t\t\t\"properties\": {\n\t\t\t\t\"text\": {\n\t\t\t\t\t\"type\": \"string\"\n\t\t\t\t},\n\t\t\t\t\"imageUrl\": {\n\t\t\t\t\t\"type\": \"string\"\n\t\t\t\t},\n\t\t\t\t\"imageAltText\": {\n\t\t\t\t\t\"type\": \"string\"\n\t\t\t\t}\n\t\t\t}\n\t\t},\n\t\t\"ReverseResponse_info\": {\n\t\t\t\"properties\": {\n\t\t\t\t\"statuscode\": {\n\t\t\t\t\t\"type\": \"number\",\n\t\t\t\t\t\"format\": \"integer\"\n\t\t\t\t},\n\t\t\t\t\"copyright\": {\n\t\t\t\t\t\"$ref\": \"#/definitions/ReverseResponse_info_copyright\"\n\t\t\t\t},\n\t\t\t\t\"messages\": {\n\t\t\t\t\t\"type\": \"array\",\n\t\t\t\t\t\"items\": {\n\t\t\t\t\t\t\"type\": \"string\"\n\t\t\t\t\t}\n\t\t\t\t}\n\t\t\t}\n\t\t},\n\t\t\"ReverseResponse_options\": {\n\t\t\t\"properties\": {\n\t\t\t\t\"maxResults\": {\n\t\t\t\t\t\"type\": \"number\",\n\t\t\t\t\t\"format\": \"integer\"\n\t\t\t\t},\n\t\t\t\t\"thumbMaps\": {\n\t\t\t\t\t\"type\": \"boolean\"\n\t\t\t\t},\n\t\t\t\t\"ignoreLatLngInput\": {\n\t\t\t\t\t\"type\": \"boolean\"\n\t\t\t\t}\n\t\t\t}\n\t\t},\n\t\t\"ReverseResult_providedLocation_latLng\": {\n\t\t\t\"properties\": {\n\t\t\t\t\"lat\": {\n\t\t\t\t\t\"type\": \"number\",\n\t\t\t\t\t\"format\": \"double\"\n\t\t\t\t},\n\t\t\t\t\"lng\": {\n\t\t\t\t\t\"type\": \"number\",\n\t\t\t\t\t\"format\": \"double\"\n\t\t\t\t}\n\t\t\t}\n\t\t},\n\t\t\"ReverseResult_providedLocation\": {\n\t\t\t\"properties\": {\n\t\t\t\t\"latLng\": {\n\t\t\t\t\t\"$ref\": \"#/definitions/ReverseResult_providedLocation_latLng\"\n\t\t\t\t}\n\t\t\t}\n\t\t},\n\t\t\"AddressResult_providedLocation\": {\n\t\t\t\"properties\": {\n\t\t\t\t\"location\": {\n\t\t\t\t\t\"type\": \"string\"\n\t\t\t\t}\n\t\t\t}\n\t\t},\n\t\t\"ReverseRequestBody_location\": {\n\t\t\t\"properties\": {\n\t\t\t\t\"latLng\": {\n\t\t\t\t\t\"$ref\": \"#/definitions/ReverseResult_providedLocation_latLng\"\n\t\t\t\t},\n\t\t\t\t\"options\": {\n\t\t\t\t\t\"$ref\": \"#/definitions/ReverseRequestBodyOptions\"\n\t\t\t\t}\n\t\t\t}\n\t\t}\n\t}\n}","created_date":"2016-08-19 18:28:14","last_modified_date":"2016-08-19 18:28:14"}]},{"id":8,"name":"mapquest_search_ahead","label":"MapQuest Search-Ahead","description":"A service for predictive search","is_active":true,"type":"rws","mutable":true,"deletable":true,"created_date":"2016-08-19 18:43:52","last_modified_date":"2016-08-19 18:47:00","created_by_id":"1","last_modified_by_id":"1","config":{"service_id":8,"base_url":"http://www.mapquestapi.com/search/v3","options":null,"parameters":null,"headers":[],"cache_enabled":false,"cache_ttl":0},"service_doc_by_service_id":[{"id":2,"service_id":8,"format":0,"content":"{\n\t\"swagger\": \"2.0\",\n\t\"info\": {\n\t\t\"title\": \"MapQuest Search API: Predictive Search\",\n\t\t\"description\": \"A spatially-aware predictive search engine\",\n\t\t\"version\": \"3.0.0\"\n\t},\n\t\"produces\": [\n\t\t\"application/json\"\n\t],\n\t\"paths\": {\n\t\t\"/prediction\": {\n\t\t\t\"get\": {\n\t\t\t\t\"summary\": \"Search using a geospatial context and a partial query phrase.\",\n\t\t\t\t\"description\": \"Get a list of search results matching a possibly-incomplete query phrase, scored and ordered based on a spatial reference point.\\n\",\n\t\t\t\t\"parameters\": [\n\t\t\t\t\t{\n\t\t\t\t\t\t\"name\": \"collection\",\n\t\t\t\t\t\t\"in\": \"query\",\n\t\t\t\t\t\t\"description\": \"The collections to search over. Currently \\\"address\\\", \\\"adminArea\\\", and \\\"airport\\\" are supported. Accepts multiple instances of the parameter and or a comma-delimited list.\",\n\t\t\t\t\t\t\"required\": true,\n\t\t\t\t\t\t\"type\": \"array\",\n\t\t\t\t\t\t\"items\": {\n\t\t\t\t\t\t\t\"type\": \"string\",\n\t\t\t\t\t\t\t\"collectionFormat\": \"csv\"\n\t\t\t\t\t\t},\n\t\t\t\t\t\t\"minItems\": 1\n\t\t\t\t\t},\n\t\t\t\t\t{\n\t\t\t\t\t\t\"name\": \"limit\",\n\t\t\t\t\t\t\"in\": \"query\",\n\t\t\t\t\t\t\"description\": \"The maximum number of results to return. Must lie in the range [1, 15]. Default if unspecified: 10.\",\n\t\t\t\t\t\t\"required\": false,\n\t\t\t\t\t\t\"type\": \"integer\",\n\t\t\t\t\t\t\"minimum\": 1,\n\t\t\t\t\t\t\"maximum\": 15,\n\t\t\t\t\t\t\"default\": 10\n\t\t\t\t\t},\n\t\t\t\t\t{\n\t\t\t\t\t\t\"name\": \"q\",\n\t\t\t\t\t\t\"in\": \"query\",\n\t\t\t\t\t\t\"description\": \"A query phrase. The phrase can be incomplete, in which case its last term is treated as a prefix during matching. Address queries must begin with a street number. Minimum length: 2 characters. Maximum length: 100 characters.\",\n\t\t\t\t\t\t\"required\": true,\n\t\t\t\t\t\t\"type\": \"string\",\n\t\t\t\t\t\t\"minLength\": 2,\n\t\t\t\t\t\t\"maxLength\": 100\n\t\t\t\t\t},\n\t\t\t\t\t{\n\t\t\t\t\t\t\"name\": \"location\",\n\t\t\t\t\t\t\"in\": \"query\",\n\t\t\t\t\t\t\"description\": \"The geographic context used for searching, ranking, and ordering results. Supports a point defining the geographic \\\"center\\\" of the query. Must consist of two comma-separated floating-point values: the longitude, latitude; the first coordinate must lie in the range [-180, 180], and the second must lie in the range [-90, 90]. While this parameter is not required, it is highly recommended that it be provided in order to improve relevance of results.\",\n\t\t\t\t\t\t\"required\": false,\n\t\t\t\t\t\t\"type\": \"array\",\n\t\t\t\t\t\t\"items\": {\n\t\t\t\t\t\t\t\"type\": \"number\",\n\t\t\t\t\t\t\t\"collectionFormat\": \"csv\"\n\t\t\t\t\t\t}\n\t\t\t\t\t},\n\t\t\t\t\t{\n\t\t\t\t\t\t\"name\": \"countryCode\",\n\t\t\t\t\t\t\"in\": \"query\",\n\t\t\t\t\t\t\"description\": \"The countries to search over. Can contain any valid ISO 3166-1 Alpha-2 country codes. If provided, the search will only return results in the specified countries. Accepts multiple instances of the parameter and or a comma-delimited list.\",\n\t\t\t\t\t\t\"required\": false,\n\t\t\t\t\t\t\"type\": \"array\",\n\t\t\t\t\t\t\"items\": {\n\t\t\t\t\t\t\t\"type\": \"string\",\n\t\t\t\t\t\t\t\"collectionFormat\": \"csv\"\n\t\t\t\t\t\t}\n\t\t\t\t\t},\n\t\t\t\t\t{\n\t\t\t\t\t\t\"name\": \"key\",\n\t\t\t\t\t\t\"in\": \"query\",\n\t\t\t\t\t\t\"description\": \"A valid and authorized MapQuest API key.\",\n\t\t\t\t\t\t\"required\": false,\n\t\t\t\t\t\t\"type\": \"string\"\n\t\t\t\t\t}\n\t\t\t\t],\n\t\t\t\t\"tags\": [\n\t\t\t\t\t\"prediction\"\n\t\t\t\t],\n\t\t\t\t\"responses\": {\n\t\t\t\t\t\"200\": {\n\t\t\t\t\t\t\"description\": \"An object containing a list of search results, plus an echoed version of the request.\",\n\t\t\t\t\t\t\"schema\": {\n\t\t\t\t\t\t\t\"$ref\": \"#/definitions/SearchAheadResponse\"\n\t\t\t\t\t\t}\n\t\t\t\t\t},\n\t\t\t\t\t\"400\": {\n\t\t\t\t\t\t\"description\": \"An error condition, characterized by an appropriate HTTP status code and a descriptive message.\",\n\t\t\t\t\t\t\"schema\": {\n\t\t\t\t\t\t\t\"$ref\": \"#/definitions/Error\"\n\t\t\t\t\t\t}\n\t\t\t\t\t},\n\t\t\t\t\t\"500\": {\n\t\t\t\t\t\t\"description\": \"An error condition, characterized by an appropriate HTTP status code and a descriptive message.\",\n\t\t\t\t\t\t\"schema\": {\n\t\t\t\t\t\t\t\"$ref\": \"#/definitions/Error\"\n\t\t\t\t\t\t}\n\t\t\t\t\t}\n\t\t\t\t}\n\t\t\t}\n\t\t}\n\t},\n\t\"definitions\": {\n\t\t\"SearchAheadAddressProperties\": {\n\t\t\t\"type\": \"object\",\n\t\t\t\"description\": \"A JSON object containing the address properties for this object.\",\n\t\t\t\"required\": [\n\t\t\t\t\"type\",\n\t\t\t\t\"countryCode\"\n\t\t\t],\n\t\t\t\"properties\": {\n\t\t\t\t\"type\": {\n\t\t\t\t\t\"type\": \"string\",\n\t\t\t\t\t\"description\": \"The type of address entity; possible values are \\\"country\\\", \\\"state\\\", \\\"county\\\", \\\"city\\\", \\\"neighborhood\\\", \\\"postalCode\\\", \\\"address\\\".\"\n\t\t\t\t},\n\t\t\t\t\"country\": {\n\t\t\t\t\t\"type\": \"string\",\n\t\t\t\t\t\"description\": \"The enclosing country of this location, if applicable.\"\n\t\t\t\t},\n\t\t\t\t\"countryCode\": {\n\t\t\t\t\t\"type\": \"string\",\n\t\t\t\t\t\"description\": \"The country code of the enclosing country of this location.\"\n\t\t\t\t},\n\t\t\t\t\"state\": {\n\t\t\t\t\t\"type\": \"string\",\n\t\t\t\t\t\"description\": \"The enclosing state or province of this location, if applicable.\"\n\t\t\t\t},\n\t\t\t\t\"stateCode\": {\n\t\t\t\t\t\"type\": \"string\",\n\t\t\t\t\t\"description\": \"The state code of the enclosing state or province of this location, if applicable.\"\n\t\t\t\t},\n\t\t\t\t\"county\": {\n\t\t\t\t\t\"type\": \"string\",\n\t\t\t\t\t\"description\": \"The enclosing county, parish, borough, or similar, if applicable.\"\n\t\t\t\t},\n\t\t\t\t\"city\": {\n\t\t\t\t\t\"type\": \"string\",\n\t\t\t\t\t\"description\": \"The enclosing city, if applicable.\"\n\t\t\t\t},\n\t\t\t\t\"neighborhood\": {\n\t\t\t\t\t\"type\": \"string\",\n\t\t\t\t\t\"description\": \"The enclosing neighborhood, if applicable.\"\n\t\t\t\t},\n\t\t\t\t\"postalCode\": {\n\t\t\t\t\t\"type\": \"string\",\n\t\t\t\t\t\"description\": \"The coarsest enclosing postal code, if applicable.\"\n\t\t\t\t}\n\t\t\t}\n\t\t},\n\t\t\"SearchAheadPlace\": {\n\t\t\t\"type\": \"object\",\n\t\t\t\"description\": \"A GeoJSON Feature object describing the returned place.\",\n\t\t\t\"required\": [\n\t\t\t\t\"geometry\",\n\t\t\t\t\"properties\",\n\t\t\t\t\"type\"\n\t\t\t],\n\t\t\t\"properties\": {\n\t\t\t\t\"geometry\": {\n\t\t\t\t\t\"type\": \"object\",\n\t\t\t\t\t\"description\": \"A GeoJSON Geometry object representing this object geographically.\"\n\t\t\t\t},\n\t\t\t\t\"properties\": {\n\t\t\t\t\t\"$ref\": \"#/definitions/SearchAheadAddressProperties\"\n\t\t\t\t},\n\t\t\t\t\"type\": {\n\t\t\t\t\t\"type\": \"string\",\n\t\t\t\t\t\"description\": \"The GeoJSON type of this object.\"\n\t\t\t\t}\n\t\t\t}\n\t\t},\n\t\t\"SearchAheadRequest\": {\n\t\t\t\"type\": \"object\",\n\t\t\t\"required\": [\n\t\t\t\t\"q\",\n\t\t\t\t\"collection\"\n\t\t\t],\n\t\t\t\"properties\": {\n\t\t\t\t\"q\": {\n\t\t\t\t\t\"type\": \"string\",\n\t\t\t\t\t\"description\": \"The input query phrase.\"\n\t\t\t\t},\n\t\t\t\t\"limit\": {\n\t\t\t\t\t\"type\": \"integer\",\n\t\t\t\t\t\"description\": \"The input value of limit.\"\n\t\t\t\t},\n\t\t\t\t\"location\": {\n\t\t\t\t\t\"type\": \"object\",\n\t\t\t\t\t\"required\": [\n\t\t\t\t\t\t\"longitude\",\n\t\t\t\t\t\t\"latitude\"\n\t\t\t\t\t],\n\t\t\t\t\t\"properties\": {\n\t\t\t\t\t\t\"longitude\": {\n\t\t\t\t\t\t\t\"type\": \"number\",\n\t\t\t\t\t\t\t\"format\": \"double\",\n\t\t\t\t\t\t\t\"description\": \"Longitude\"\n\t\t\t\t\t\t},\n\t\t\t\t\t\t\"latitude\": {\n\t\t\t\t\t\t\t\"type\": \"number\",\n\t\t\t\t\t\t\t\"format\": \"double\",\n\t\t\t\t\t\t\t\"description\": \"Latitude\"\n\t\t\t\t\t\t}\n\t\t\t\t\t},\n\t\t\t\t\t\"description\": \"The input value of location, parsed as a longitude, latitude.\"\n\t\t\t\t},\n\t\t\t\t\"collection\": {\n\t\t\t\t\t\"type\": \"array\",\n\t\t\t\t\t\"items\": {\n\t\t\t\t\t\t\"type\": \"string\"\n\t\t\t\t\t},\n\t\t\t\t\t\"description\": \"The requested set of collections to search over.\"\n\t\t\t\t},\n\t\t\t\t\"countryCode\": {\n\t\t\t\t\t\"type\": \"array\",\n\t\t\t\t\t\"items\": {\n\t\t\t\t\t\t\"type\": \"string\"\n\t\t\t\t\t},\n\t\t\t\t\t\"description\": \"The requested set of country codes to search over.\"\n\t\t\t\t}\n\t\t\t}\n\t\t},\n\t\t\"SearchAheadItem\": {\n\t\t\t\"type\": \"object\",\n\t\t\t\"required\": [\n\t\t\t\t\"displayString\",\n\t\t\t\t\"recordType\",\n\t\t\t\t\"collection\",\n\t\t\t\t\"language\"\n\t\t\t],\n\t\t\t\"properties\": {\n\t\t\t\t\"displayString\": {\n\t\t\t\t\t\"type\": \"string\",\n\t\t\t\t\t\"description\": \"The displayable name for the record.\"\n\t\t\t\t},\n\t\t\t\t\"recordType\": {\n\t\t\t\t\t\"type\": \"string\",\n\t\t\t\t\t\"description\": \"The type of the returned record; possible values are \\\"country\\\", \\\"state\\\", \\\"county\\\", \\\"city\\\", \\\"neighborhood\\\", \\\"postalCode\\\", \\\"address\\\", and \\\"airport\\\".\"\n\t\t\t\t},\n\t\t\t\t\"collection\": {\n\t\t\t\t\t\"type\": \"array\",\n\t\t\t\t\t\"items\": {\n\t\t\t\t\t\t\"type\": \"string\"\n\t\t\t\t\t},\n\t\t\t\t\t\"description\": \"The collections of the returned record; possible values are \\\"address\\\", \\\"adminArea\\\", and \\\"airport\\\".\"\n\t\t\t\t},\n\t\t\t\t\"slug\": {\n\t\t\t\t\t\"type\": \"string\",\n\t\t\t\t\t\"description\": \"A path fragment for accessing the item on mapquest.com.\"\n\t\t\t\t},\n\t\t\t\t\"language\": {\n\t\t\t\t\t\"type\": \"string\",\n\t\t\t\t\t\"description\": \"The ISO 639-1 language code for the record.\"\n\t\t\t\t},\n\t\t\t\t\"place\": {\n\t\t\t\t\t\"$ref\": \"#/definitions/SearchAheadPlace\"\n\t\t\t\t}\n\t\t\t}\n\t\t},\n\t\t\"SearchAheadResponse\": {\n\t\t\t\"type\": \"object\",\n\t\t\t\"required\": [\n\t\t\t\t\"request\",\n\t\t\t\t\"results\"\n\t\t\t],\n\t\t\t\"properties\": {\n\t\t\t\t\"request\": {\n\t\t\t\t\t\"$ref\": \"#/definitions/SearchAheadRequest\"\n\t\t\t\t},\n\t\t\t\t\"results\": {\n\t\t\t\t\t\"type\": \"array\",\n\t\t\t\t\t\"items\": {\n\t\t\t\t\t\t\"$ref\": \"#/definitions/SearchAheadItem\"\n\t\t\t\t\t}\n\t\t\t\t}\n\t\t\t}\n\t\t},\n\t\t\"Error\": {\n\t\t\t\"type\": \"object\",\n\t\t\t\"properties\": {\n\t\t\t\t\"error\": {\n\t\t\t\t\t\"type\": \"string\",\n\t\t\t\t\t\"description\": \"A string describing the error that occurred.\"\n\t\t\t\t}\n\t\t\t}\n\t\t}\n\t}\n}","created_date":"2016-08-19 18:43:52","last_modified_date":"2016-08-19 18:45:47"}]}]